Var1_1,Var1_2
0.0173052,0.0103307
