Var1_1,Var1_2
0.0198928,0.0105207
