Var1_1,Var1_2
0.0290836,0.011822
