Var1_1,Var1_2
0.0182346,0.0103708
