Var1_1,Var1_2
0.018111,0.0095096
