Var1_1,Var1_2
0.0199074,0.0112756
