Var1_1,Var1_2
0.0187924,0.0100109
