Var1_1,Var1_2
0.0192182,0.0105823
