Var1_1,Var1_2
0.0222185,0.0123274
