Var1_1,Var1_2
0.0192105,0.0108453
