Var1_1,Var1_2
0.019437,0.0100176
