Var1_1,Var1_2
0.0192156,0.0103167
