Var1_1,Var1_2
0.0197423,0.0108299
