Var1_1,Var1_2
0.0207867,0.010403
