Var1_1,Var1_2
0.0193157,0.0108267
