Var1_1,Var1_2
0.0191418,0.0105777
