Var1_1,Var1_2
0.0195344,0.0104933
