Var1_1,Var1_2
0.0179824,0.0094312
