Var1_1,Var1_2
0.0178265,0.009407
