Var1_1,Var1_2
0.0217325,0.0121061
