Var1_1,Var1_2
0.0219694,0.0121371
