Var1_1,Var1_2
0.0214834,0.0116522
