Var1_1,Var1_2
0.021126,0.0113465
