Var1_1,Var1_2
0.019829,0.0105557
