Var1_1,Var1_2
0.0181521,0.0096163
