Var1_1,Var1_2
0.0190987,0.010354
