Var1_1,Var1_2
0.0181628,0.0097441
