Var1_1,Var1_2
0.0188724,0.0106284
