Var1_1,Var1_2
0.0191922,0.01067
