Var1_1,Var1_2
0.0179462,0.0096395
