Var1_1,Var1_2
0.0205358,0.0113261
