Var1_1,Var1_2
0.0193743,0.0107249
