Var1_1,Var1_2
0.0195298,0.0109086
