Var1_1,Var1_2
0.0200129,0.0113024
