Var1_1,Var1_2
0.020307,0.011268
