Var1_1,Var1_2
0.0199962,0.0113245
