Var1_1,Var1_2
0.0203936,0.0112847
