Var1_1,Var1_2
0.006764,0.0035716
