Var1_1,Var1_2
0.0064283,0.0023005
