Var1_1,Var1_2
0.0071139,0.0028007
