Var1_1,Var1_2
0.0064049,0.0023248
