Var1_1,Var1_2
0.0074568,0.0039009
