Var1_1,Var1_2
0.0079877,0.0035965
