Var1_1,Var1_2
0.0070076,0.0030787
