Var1_1,Var1_2
0.0223416,0.0118039
