Var1_1,Var1_2
0.0077136,0.002744
