Var1_1,Var1_2
0.0083894,0.0030814
