Var1_1,Var1_2
0.0082121,0.002867
