Var1_1,Var1_2
0.0079654,0.0028743
