Var1_1,Var1_2
0.0080091,0.0027438
