Var1_1,Var1_2
0.0084401,0.0030063
