Var1_1,Var1_2
0.0216881,0.0120451
