Var1_1,Var1_2
0.0195375,0.0103928
