Var1_1,Var1_2
0.0192131,0.0106188
