Var1_1,Var1_2
0.0079351,0.0029958
