Var1_1,Var1_2
0.0205108,0.0111747
