Var1_1,Var1_2
0.0214154,0.011695
