Var1_1,Var1_2
0.0201943,0.0111849
