Var1_1,Var1_2
0.0117004,0.0067256
