Var1_1,Var1_2
0.0104935,0.0049557
