Var1_1,Var1_2
0.0108318,0.0056949
