Var1_1,Var1_2
0.0102791,0.0036895
