Var1_1,Var1_2
0.0092842,0.0035999
