Var1_1,Var1_2
0.0185285,0.0104129
