Var1_1,Var1_2
0.0117631,0.0040578
