Var1_1,Var1_2
0.0170081,0.0100398
