Var1_1,Var1_2
0.0093339,0.0059381
