Var1_1,Var1_2
0.0108643,0.0050858
