Var1_1,Var1_2
0.0098128,0.0045857
