Var1_1,Var1_2
0.01018,0.0040117
