Var1_1,Var1_2
0.0095152,0.0039971
