Var1_1,Var1_2
0.0106744,0.0045875
