Var1_1,Var1_2
0.011181,0.0057243
