Var1_1,Var1_2
0.0268842,0.0106659
