Var1_1,Var1_2
0.0293547,0.0109958
