Var1_1,Var1_2
0.0187134,0.0109091
