Var1_1,Var1_2
0.0202103,0.0111227
