Var1_1,Var1_2
0.0198521,0.0112512
