Var1_1,Var1_2
0.0103983,0.0033773
