Var1_1,Var1_2
0.0109047,0.0034203
