Var1_1,Var1_2
0.0095539,0.0036964
