Var1_1,Var1_2
0.0106458,0.004339
