Var1_1,Var1_2
0.0104213,0.0041644
