Var1_1,Var1_2
0.0103015,0.0033024
