Var1_1,Var1_2
0.0113277,0.0046846
