Var1_1,Var1_2
0.0110213,0.0044846
