Var1_1,Var1_2
0.0100821,0.0043384
