Var1_1,Var1_2
0.0089089,0.0039058
