Var1_1,Var1_2
0.0115398,0.0037902
