Var1_1,Var1_2
0.0117434,0.005173
