Var1_1,Var1_2
0.0100963,0.0055287
