Var1_1,Var1_2
0.0104992,0.00345
