Var1_1,Var1_2
0.0136598,0.0055304
