Var1_1,Var1_2
0.011421,0.0058083
