Var1_1,Var1_2
0.0093326,0.0040288
