Var1_1,Var1_2
0.0116319,0.0046095
