Var1_1,Var1_2
0.0110112,0.0052828
