Var1_1,Var1_2
0.0115085,0.0068309
