Var1_1,Var1_2
0.0114369,0.0039528
