Var1_1,Var1_2
0.0105698,0.0040608
