Var1_1,Var1_2
0.0117183,0.0063178
