Var1_1,Var1_2
0.0106546,0.0044614
