Var1_1,Var1_2
0.0105623,0.0063836
