Var1_1,Var1_2
0.0100132,0.0034017
