Var1_1,Var1_2
0.0095668,0.0043147
