Var1_1,Var1_2
0.0110286,0.0058638
