Var1_1,Var1_2
0.0101764,0.0082426
