Var1_1,Var1_2
0.0113528,0.0041528
