Var1_1,Var1_2
0.0100143,0.0056917
