Var1_1,Var1_2
0.0107108,0.0063303
