Var1_1,Var1_2
0.0115543,0.0047419
