Var1_1,Var1_2
0.013487,0.0065039
