Var1_1,Var1_2
0.0073987,0.0028618
