Var1_1,Var1_2
0.0079031,0.0032629
