Var1_1,Var1_2
0.0199667,0.0110936
