Var1_1,Var1_2
0.0066896,0.0039354
