Var1_1,Var1_2
0.0200014,0.0133169
