Var1_1,Var1_2
0.0079204,0.0031754
