Var1_1,Var1_2
0.0206095,0.0117755
