Var1_1,Var1_2
0.0070175,0.0025179
