Var1_1,Var1_2
0.0191148,0.0112618
