Var1_1,Var1_2
0.0210582,0.0117843
