Var1_1,Var1_2
0.0073631,0.0027623
