Var1_1,Var1_2
0.0117769,0.0046918
