Var1_1,Var1_2
0.0150842,0.0060531
