Var1_1,Var1_2
0.0085114,0.0047209
