Var1_1,Var1_2
0.0124523,0.0062798
