Var1_1,Var1_2
0.0140573,0.0062272
