Var1_1,Var1_2
0.0111615,0.0056319
