Var1_1,Var1_2
0.0113295,0.0056683
