Var1_1,Var1_2
0.0110538,0.0066883
