Var1_1,Var1_2
0.0107095,0.0059887
