Var1_1,Var1_2
0.0108512,0.0061816
