Var1_1,Var1_2
0.0100268,0.0043113
