Var1_1,Var1_2
0.0093194,0.0037727
