Var1_1,Var1_2
0.0101518,0.0044139
