Var1_1,Var1_2
0.0094255,0.0040957
