Var1_1,Var1_2
0.0093303,0.0048823
