Var1_1,Var1_2
0.0096337,0.004638
