Var1_1,Var1_2
0.0098134,0.0051811
