Var1_1,Var1_2
0.0087563,0.0039201
