Var1_1,Var1_2
0.0092767,0.0044186
