Var1_1,Var1_2
0.0202152,0.0109085
