Var1_1,Var1_2
0.0202363,0.0119236
