Var1_1,Var1_2
0.0206417,0.0109216
