Var1_1,Var1_2
0.020497,0.0116113
