Var1_1,Var1_2
0.0102945,0.0066428
