Var1_1,Var1_2
0.0104479,0.005904
