Var1_1,Var1_2
0.0103814,0.0038343
