Var1_1,Var1_2
0.0143328,0.0061286
