Var1_1,Var1_2
0.0096181,0.0045092
