Var1_1,Var1_2
0.009732,0.0056559
