Var1_1,Var1_2
0.0098911,0.0044156
