Var1_1,Var1_2
0.0104419,0.0042548
