Var1_1,Var1_2
0.0104161,0.003785
