Var1_1,Var1_2
0.0145775,0.0050394
