Var1_1,Var1_2
0.0133015,0.0054329
