Var1_1,Var1_2
0.0100202,0.0041166
