Var1_1,Var1_2
0.012662,0.0059751
