Var1_1,Var1_2
0.0146542,0.0075333
