Var1_1,Var1_2
0.0200821,0.0043975
