Var1_1,Var1_2
0.0108133,0.0084322
