Var1_1,Var1_2
0.0101537,0.0051865
