Var1_1,Var1_2
0.0109983,0.0043273
