Var1_1,Var1_2
0.0095603,0.0042645
