Var1_1,Var1_2
0.0102832,0.0035649
