Var1_1,Var1_2
0.0149323,0.0048022
