Var1_1,Var1_2
0.0140581,0.0052292
