Var1_1,Var1_2
0.0129319,0.005544
