Var1_1,Var1_2
0.0143223,0.0036074
