Var1_1,Var1_2
0.0136103,0.0062349
