Var1_1,Var1_2
0.0130453,0.0047877
