Var1_1,Var1_2
0.0221245,0.0114988
