Var1_1,Var1_2
0.0197166,0.0107174
