Var1_1,Var1_2
0.0196776,0.0090505
