Var1_1,Var1_2
0.009334,0.0049566
