Var1_1,Var1_2
0.0176944,0.0120576
