Var1_1,Var1_2
0.0102404,0.0039417
