Var1_1,Var1_2
0.0096986,0.0041014
