Var1_1,Var1_2
0.0141154,0.0072533
