Var1_1,Var1_2
0.0157238,0.0064876
