Var1_1,Var1_2
0.0115528,0.0052101
