Var1_1,Var1_2
0.0128168,0.0047838
