Var1_1,Var1_2
0.0123713,0.005096
