Var1_1,Var1_2
0.0137976,0.0044462
