Var1_1,Var1_2
0.0120256,0.005369
