Var1_1,Var1_2
0.0129479,0.0075724
