Var1_1,Var1_2
0.0144269,0.0078843
