Var1_1,Var1_2
0.0126901,0.0071182
