Var1_1,Var1_2
0.0128167,0.0087156
