Var1_1,Var1_2
0.0135455,0.0071059
