Var1_1,Var1_2
0.0142507,0.0081383
