Var1_1,Var1_2
0.0151034,0.0080351
