Var1_1,Var1_2
0.015737,0.0048767
