Var1_1,Var1_2
0.0108951,0.0051809
