Var1_1,Var1_2
0.0129373,0.0065843
