Var1_1,Var1_2
0.0118221,0.0075697
