Var1_1,Var1_2
0.014907,0.0054277
