Var1_1,Var1_2
0.0121732,0.0073027
