Var1_1,Var1_2
0.0152606,0.0047043
