Var1_1,Var1_2
0.0129779,0.0052964
