Var1_1,Var1_2
0.0114773,0.0061422
