Var1_1,Var1_2
0.0125024,0.0059586
