Var1_1,Var1_2
0.013742,0.0079082
