Var1_1,Var1_2
0.0198706,0.0110333
