Var1_1,Var1_2
0.0203368,0.0113644
