Var1_1,Var1_2
0.0207037,0.012334
