Var1_1,Var1_2
0.0208414,0.0115453
