Var1_1,Var1_2
0.02006,0.0107282
