Var1_1,Var1_2
0.0196991,0.010605
