Var1_1,Var1_2
0.019734,0.0109118
