Var1_1,Var1_2
0.0124868,0.0059343
