Var1_1,Var1_2
0.011844,0.007296
