Var1_1,Var1_2
0.0112125,0.0060558
