Var1_1,Var1_2
0.0130522,0.0079282
