Var1_1,Var1_2
0.0123437,0.0058419
