Var1_1,Var1_2
0.0113539,0.0075886
