Var1_1,Var1_2
0.0123854,0.0080238
