Var1_1,Var1_2
0.0100621,0.0033986
