Var1_1,Var1_2
0.009484,0.0030196
