Var1_1,Var1_2
0.0143598,0.0052299
