Var1_1,Var1_2
0.0139613,0.0053208
