Var1_1,Var1_2
0.0121696,0.0073953
