Var1_1,Var1_2
0.0131009,0.0037431
