Var1_1,Var1_2
0.012592,0.0050116
