Var1_1,Var1_2
0.0107906,0.006787
