Var1_1,Var1_2
0.0140947,0.0069433
