Var1_1,Var1_2
0.0096051,0.0047688
