Var1_1,Var1_2
0.0096788,0.0052413
