Var1_1,Var1_2
0.012065,0.0063373
