Var1_1,Var1_2
0.0126818,0.0063403
