Var1_1,Var1_2
0.0130834,0.0059497
