Var1_1,Var1_2
0.0152039,0.0039273
