Var1_1,Var1_2
0.0137154,0.0030448
