Var1_1,Var1_2
0.0103272,0.005771
