Var1_1,Var1_2
0.0179725,0.0095488
