Var1_1,Var1_2
0.0131462,0.003771
