Var1_1,Var1_2
0.0190346,0.0106043
