Var1_1,Var1_2
0.018654,0.0105842
