Var1_1,Var1_2
0.0187127,0.0104401
