Var1_1,Var1_2
0.0192518,0.0105557
