Var1_1,Var1_2
0.0180941,0.0102562
