Var1_1,Var1_2
0.0175497,0.009999
