Var1_1,Var1_2
0.0172408,0.0096886
