Var1_1,Var1_2
0.0181207,0.0101074
