Var1_1,Var1_2
0.017486,0.0097779
