Var1_1,Var1_2
0.019042,0.0107284
