Var1_1,Var1_2
0.0186022,0.0100668
