Var1_1,Var1_2
0.0184209,0.0101677
