Var1_1,Var1_2
0.0186228,0.0100164
