Var1_1,Var1_2
0.018504,0.009784
