Var1_1,Var1_2
0.0174877,0.0093764
