Var1_1,Var1_2
0.0128908,0.0042871
