Var1_1,Var1_2
0.0185207,0.0109822
