Var1_1,Var1_2
0.0203187,0.010165
