Var1_1,Var1_2
0.0254882,0.0116154
