Var1_1,Var1_2
0.0107114,0.0041354
