Var1_1,Var1_2
0.0185208,0.0126024
