Var1_1,Var1_2
0.0144569,0.0089121
