Var1_1,Var1_2
0.0115589,0.0056336
