Var1_1,Var1_2
0.012563,0.0048994
