Var1_1,Var1_2
0.012072,0.0057542
