Var1_1,Var1_2
0.0071216,0.0042031
