Var1_1,Var1_2
0.0130669,0.005553
