Var1_1,Var1_2
0.020527,0.0107209
