Var1_1,Var1_2
0.0220795,0.0114087
