Var1_1,Var1_2
0.0185003,0.0101642
