Var1_1,Var1_2
0.0201169,0.0109741
