Var1_1,Var1_2
0.0188047,0.0102694
