Var1_1,Var1_2
0.0202271,0.0111837
