Var1_1,Var1_2
0.0195463,0.0109279
