Var1_1,Var1_2
0.0217321,0.0119366
