Var1_1,Var1_2
0.0136054,0.0049647
