Var1_1,Var1_2
0.0147852,0.0102292
