Var1_1,Var1_2
0.0138757,0.0061422
