Var1_1,Var1_2
0.0099346,0.0033897
