Var1_1,Var1_2
0.0143521,0.0063209
