Var1_1,Var1_2
0.0101466,0.0047947
