Var1_1,Var1_2
0.0118122,0.0041191
