Var1_1,Var1_2
0.014131,0.0043108
