Var1_1,Var1_2
0.0131027,0.0056878
