Var1_1,Var1_2
0.0132574,0.0043894
