Var1_1,Var1_2
0.0151707,0.0078714
