Var1_1,Var1_2
0.010653,0.0046805
