Var1_1,Var1_2
0.0104979,0.0065578
