Var1_1,Var1_2
0.0150359,0.0082218
