Var1_1,Var1_2
0.0118581,0.0032401
