Var1_1,Var1_2
0.01179,0.0074607
