Var1_1,Var1_2
0.0147017,0.0058003
