Var1_1,Var1_2
0.010844,0.0070679
