Var1_1,Var1_2
0.0144502,0.0082746
