Var1_1,Var1_2
0.0155431,0.0054913
