Var1_1,Var1_2
0.0138734,0.0069734
