Var1_1,Var1_2
0.0115927,0.0042972
