Var1_1,Var1_2
0.0130137,0.0064116
