Var1_1,Var1_2
0.0138218,0.0055666
