Var1_1,Var1_2
0.012719,0.0065472
