Var1_1,Var1_2
0.0090663,0.0032246
