Var1_1,Var1_2
0.0092597,0.0039488
