Var1_1,Var1_2
0.0141025,0.0072389
