Var1_1,Var1_2
0.0133022,0.0069342
