Var1_1,Var1_2
0.0144907,0.0061797
