Var1_1,Var1_2
0.0153511,0.0034044
