Var1_1,Var1_2
0.0132702,0.0071288
