Var1_1,Var1_2
0.0269275,0.0056767
