Var1_1,Var1_2
0.0103219,0.0075576
