Var1_1,Var1_2
0.0124716,0.0080779
