Var1_1,Var1_2
0.0202496,0.0111365
