Var1_1,Var1_2
0.021847,0.0119076
