Var1_1,Var1_2
0.0211931,0.0105101
