Var1_1,Var1_2
0.0194718,0.0105622
