Var1_1,Var1_2
0.0189082,0.0102307
