Var1_1,Var1_2
0.0200239,0.0099582
