Var1_1,Var1_2
0.0192657,0.0103192
