Var1_1,Var1_2
0.0195163,0.0094572
