Var1_1,Var1_2
0.0191606,0.010022
