Var1_1,Var1_2
0.0199721,0.0113697
