Var1_1,Var1_2
0.0208546,0.0112078
