Var1_1,Var1_2
0.0200705,0.0111202
