Var1_1,Var1_2
0.0201936,0.0115323
