Var1_1,Var1_2
0.0192225,0.0112067
