Var1_1,Var1_2
0.0192675,0.0107978
