Var1_1,Var1_2
0.018923,0.0102786
