Var1_1,Var1_2
0.0184283,0.0099523
