Var1_1,Var1_2
0.0173413,0.0100515
