Var1_1,Var1_2
0.0183168,0.0102114
