Var1_1,Var1_2
0.0188476,0.0100099
