Var1_1,Var1_2
0.0206856,0.010261
