Var1_1,Var1_2
0.0200711,0.0110824
