Var1_1,Var1_2
0.0208674,0.0114636
