Var1_1,Var1_2
0.0199463,0.010896
