Var1_1,Var1_2
0.019627,0.0110815
