Var1_1,Var1_2
0.009288,0.0067458
