Var1_1,Var1_2
0.0109588,0.0106109
