Var1_1,Var1_2
0.0096704,0.0110197
