Var1_1,Var1_2
0.0100714,0.0064369
