Var1_1,Var1_2
0.0104422,0.0076343
