Var1_1,Var1_2
0.0110439,0.0049201
