Var1_1,Var1_2
0.0099203,0.009467
