Var1_1,Var1_2
0.0084356,0.0087465
