Var1_1,Var1_2
0.0087043,0.0045154
