Var1_1,Var1_2
0.0095336,0.0058662
