Var1_1,Var1_2
0.0076793,0.0047125
