Var1_1,Var1_2
0.0082541,0.0057987
