Var1_1,Var1_2
0.008233,0.0069187
