Var1_1,Var1_2
0.0095959,0.0060094
