Var1_1,Var1_2
0.0080659,0.0069874
