Var1_1,Var1_2
0.0090314,0.0064826
