Var1_1,Var1_2
0.0087797,0.0052555
