Var1_1,Var1_2
0.008455,0.0078703
