Var1_1,Var1_2
0.0088276,0.0061548
