Var1_1,Var1_2
0.0085891,0.006547
