Var1_1,Var1_2
0.0081696,0.005386
