Var1_1,Var1_2
0.0087682,0.005625
