Var1_1,Var1_2
0.0080914,0.0066895
