Var1_1,Var1_2
0.009602,0.0071871
