Var1_1,Var1_2
0.0100445,0.0082722
