Var1_1,Var1_2
0.0081081,0.0075152
