Var1_1,Var1_2
0.0061924,0.0037434
