Var1_1,Var1_2
0.0059549,0.0041563
