Var1_1,Var1_2
0.0088682,0.0044889
