Var1_1,Var1_2
0.0093959,0.006562
