Var1_1,Var1_2
0.0108865,0.0049163
