Var1_1,Var1_2
0.0085876,0.0049439
