Var1_1,Var1_2
0.012025,0.0056761
