Var1_1,Var1_2
0.0094677,0.0062341
