Var1_1,Var1_2
0.0087414,0.005854
