Var1_1,Var1_2
0.0097623,0.009532
