Var1_1,Var1_2
0.0092863,0.0050302
