Var1_1,Var1_2
0.0075529,0.005877
