Var1_1,Var1_2
0.0081411,0.0056265
