Var1_1,Var1_2
0.0078615,0.0075295
