Var1_1,Var1_2
0.0064749,0.0064698
