Var1_1,Var1_2
0.0098193,0.0070783
