Var1_1,Var1_2
0.0070313,0.0056067
