Var1_1,Var1_2
0.009557,0.0086963
