Var1_1,Var1_2
0.0094933,0.0047812
