Var1_1,Var1_2
0.0087633,0.0082675
