Var1_1,Var1_2
0.0086396,0.0051575
