Var1_1,Var1_2
0.0094079,0.0060357
