Var1_1,Var1_2
0.0095115,0.0059109
