Var1_1,Var1_2
0.0094531,0.0080391
