Var1_1,Var1_2
0.0076693,0.0043109
