Var1_1,Var1_2
0.0093256,0.0051781
