Var1_1,Var1_2
0.0085047,0.0051199
