Var1_1,Var1_2
0.0096819,0.0054634
