Var1_1,Var1_2
0.0083339,0.0057129
