Var1_1,Var1_2
0.0081538,0.0053163
