Var1_1,Var1_2
0.0092514,0.0086536
