Var1_1,Var1_2
0.0089889,0.0044515
