Var1_1,Var1_2
0.007253,0.0064248
