Var1_1,Var1_2
0.0080483,0.0057256
