Var1_1,Var1_2
0.0099143,0.005731
