Var1_1,Var1_2
0.0106105,0.0045669
