Var1_1,Var1_2
0.0117215,0.0050314
