Var1_1,Var1_2
0.0095344,0.0050061
