Var1_1,Var1_2
0.0098283,0.0087857
