Var1_1,Var1_2
0.0109779,0.0074087
