Var1_1,Var1_2
0.0099388,0.0044617
