Var1_1,Var1_2
0.0089292,0.0062517
