Var1_1,Var1_2
0.0081823,0.0054931
