Var1_1,Var1_2
0.0107279,0.0079315
