Var1_1,Var1_2
0.0089309,0.0047938
