Var1_1,Var1_2
0.0101667,0.0049619
