Var1_1,Var1_2
0.0096066,0.0065973
