Var1_1,Var1_2
0.0088607,0.0046959
