Var1_1,Var1_2
0.007827,0.006889
