Var1_1,Var1_2
0.0094485,0.00552
