Var1_1,Var1_2
0.008633,0.0065704
