Var1_1,Var1_2
0.0088509,0.0062682
