Var1_1,Var1_2
0.0087946,0.0046778
