Var1_1,Var1_2
0.0090914,0.00564
