Var1_1,Var1_2
0.0090171,0.0065352
