Var1_1,Var1_2
0.009906,0.0056346
