Var1_1,Var1_2
0.0092039,0.0082389
