Var1_1,Var1_2
0.0093905,0.0070311
