Var1_1,Var1_2
0.0082017,0.0051629
