Var1_1,Var1_2
0.0105179,0.0048377
