Var1_1,Var1_2
0.0099752,0.0074102
