Var1_1,Var1_2
0.0102185,0.0083889
