Var1_1,Var1_2
0.0102656,0.0054994
