Var1_1,Var1_2
0.0085594,0.0101778
