Var1_1,Var1_2
0.0086605,0.0065842
