Var1_1,Var1_2
0.0122728,0.0048278
