Var1_1,Var1_2
0.0098067,0.0086726
