Var1_1,Var1_2
0.0126944,0.009078
