Var1_1,Var1_2
0.0085523,0.0088987
