Var1_1,Var1_2
0.0100833,0.0061148
