Var1_1,Var1_2
0.0139194,0.0090873
