Var1_1,Var1_2
0.0086516,0.0053935
