Var1_1,Var1_2
0.0084811,0.0058825
