Var1_1,Var1_2
0.0094479,0.0040677
