Var1_1,Var1_2
0.009938,0.0067873
