Var1_1,Var1_2
0.0105966,0.0083434
