Var1_1,Var1_2
0.0091984,0.0041595
