Var1_1,Var1_2
0.0103267,0.0083526
