Var1_1,Var1_2
0.0091097,0.0066645
