Var1_1,Var1_2
0.0088271,0.0052438
