Var1_1,Var1_2
0.0095417,0.0048469
