Var1_1,Var1_2
0.016494,0.0081011
