Var1_1,Var1_2
0.0091049,0.0050672
