Var1_1,Var1_2
0.0076533,0.0077666
