Var1_1,Var1_2
0.0087487,0.006084
