Var1_1,Var1_2
0.008576,0.0055305
