Var1_1,Var1_2
0.0101738,0.0044508
