Var1_1,Var1_2
0.0072072,0.0063916
