Var1_1,Var1_2
0.0099088,0.0054678
