Var1_1,Var1_2
0.0090539,0.0058203
