Var1_1,Var1_2
0.0082624,0.0051583
