Var1_1,Var1_2
0.0097311,0.0092419
