Var1_1,Var1_2
0.0118888,0.0066088
