Var1_1,Var1_2
0.0087851,0.0067288
