Var1_1,Var1_2
0.0088612,0.0092351
