Var1_1,Var1_2
0.0086993,0.0055709
