Var1_1,Var1_2
0.0077451,0.0059942
