Var1_1,Var1_2
0.0080049,0.0053424
