Var1_1,Var1_2
0.0086826,0.0063515
