Var1_1,Var1_2
0.0075893,0.0062387
