Var1_1,Var1_2
0.0070622,0.0061184
