Var1_1,Var1_2
0.0087067,0.0047906
