Var1_1,Var1_2
0.0086877,0.0067685
