Var1_1,Var1_2
0.009783,0.0066162
