Var1_1,Var1_2
0.0078623,0.0078126
