Var1_1,Var1_2
0.0080393,0.0073688
