Var1_1,Var1_2
0.0088824,0.0069463
