Var1_1,Var1_2
0.0102816,0.0046346
