Var1_1,Var1_2
0.0098819,0.0072623
