Var1_1,Var1_2
0.0080237,0.0055984
