Var1_1,Var1_2
0.0091817,0.0075292
