Var1_1,Var1_2
0.0085608,0.008067
