Var1_1,Var1_2
0.0093527,0.0066606
