Var1_1,Var1_2
0.0083617,0.0069357
