Var1_1,Var1_2
0.0087933,0.0078998
