Var1_1,Var1_2
0.0081558,0.0079466
