Var1_1,Var1_2
0.008738,0.008046
