Var1_1,Var1_2
0.0091086,0.0060508
