Var1_1,Var1_2
0.0095148,0.0083067
