Var1_1,Var1_2
0.0088082,0.0051815
