Var1_1,Var1_2
0.0082568,0.0057716
