Var1_1,Var1_2
0.0090018,0.0092364
