Var1_1,Var1_2
0.0082403,0.0041465
