Var1_1,Var1_2
0.0102753,0.006804
