Var1_1,Var1_2
0.0088579,0.0050694
