Var1_1,Var1_2
0.0081845,0.0077088
