Var1_1,Var1_2
0.0109471,0.0061541
