Var1_1,Var1_2
0.0089686,0.0068353
