Var1_1,Var1_2
0.0101579,0.0087816
