Var1_1,Var1_2
0.0097696,0.0081095
