Var1_1,Var1_2
0.0070943,0.0054007
