Var1_1,Var1_2
0.0076647,0.005545
