Var1_1,Var1_2
0.0112753,0.0084476
