Var1_1,Var1_2
0.0082771,0.0073702
