Var1_1,Var1_2
0.008221,0.0066243
