Var1_1,Var1_2
0.009983,0.0057407
