Var1_1,Var1_2
0.0103236,0.0076179
