Var1_1,Var1_2
0.0087148,0.0099745
