Var1_1,Var1_2
0.009673,0.0065193
