Var1_1,Var1_2
0.0075701,0.0060343
