Var1_1,Var1_2
0.010617,0.009307
