Var1_1,Var1_2
0.0113717,0.0103173
