Var1_1,Var1_2
0.0103943,0.0078433
