Var1_1,Var1_2
0.0140086,0.0066826
