Var1_1,Var1_2
0.0094017,0.0105747
