Var1_1,Var1_2
0.0136289,0.0072988
