Var1_1,Var1_2
0.0096029,0.0060917
