Var1_1,Var1_2
0.0086809,0.0054174
