Var1_1,Var1_2
0.0103449,0.0081001
