Var1_1,Var1_2
0.0089741,0.0064427
