Var1_1,Var1_2
0.0095836,0.0058045
