Var1_1,Var1_2
0.0094462,0.0064191
