Var1_1,Var1_2
0.0138232,0.0061979
