Var1_1,Var1_2
0.0086666,0.005967
