Var1_1,Var1_2
0.0088079,0.0077653
