Var1_1,Var1_2
0.0100703,0.0077134
