Var1_1,Var1_2
0.0078073,0.0069683
