Var1_1,Var1_2
0.009014,0.0104409
