Var1_1,Var1_2
0.0086234,0.0093653
