Var1_1,Var1_2
0.0096742,0.0054873
