Var1_1,Var1_2
0.009087,0.0076054
