Var1_1,Var1_2
0.0109177,0.0090363
