Var1_1,Var1_2
0.0085321,0.0064143
