Var1_1,Var1_2
0.0114189,0.0081544
