Var1_1,Var1_2
0.0083853,0.0064302
