Var1_1,Var1_2
0.0108315,0.0057406
