Var1_1,Var1_2
0.0136633,0.022227
