Var1_1,Var1_2
0.0110794,0.0068909
