Var1_1,Var1_2
0.0085769,0.0047805
