Var1_1,Var1_2
0.0127984,0.0092578
