Var1_1,Var1_2
0.0101611,0.004927
