Var1_1,Var1_2
0.0101147,0.0073922
