Var1_1,Var1_2
0.0099436,0.0090435
