Var1_1,Var1_2
0.0090257,0.0068059
