Var1_1,Var1_2
0.0117844,0.0089737
