Var1_1,Var1_2
0.012761,0.0075544
