Var1_1,Var1_2
0.0099142,0.0079344
