Var1_1,Var1_2
0.0098641,0.0060697
