Var1_1,Var1_2
0.0078197,0.0063725
