Var1_1,Var1_2
0.0071476,0.0035412
