Var1_1,Var1_2
0.0080435,0.0047587
