Var1_1,Var1_2
0.008437,0.0035488
