Var1_1,Var1_2
0.0063344,0.0041127
