Var1_1,Var1_2
0.0082999,0.0038409
