Var1_1,Var1_2
0.005624,0.0035637
