Var1_1,Var1_2
0.0233813,0.0225082
