Var1_1,Var1_2
0.0207197,0.0208568
