Var1_1,Var1_2
0.0100075,0.0045891
