Var1_1,Var1_2
0.0059858,0.0038733
