Var1_1,Var1_2
0.0220366,0.0211258
