Var1_1,Var1_2
0.0089703,0.0050902
