Var1_1,Var1_2
0.0234194,0.0250598
