Var1_1,Var1_2
0.0266005,0.021736
