Var1_1,Var1_2
0.0220502,0.0223653
