Var1_1,Var1_2
0.0230341,0.0212747
