Var1_1,Var1_2
0.0201256,0.0203882
