Var1_1,Var1_2
0.0276922,0.0265343
