Var1_1,Var1_2
0.020374,0.018827
