Var1_1,Var1_2
0.0205698,0.0219455
