Var1_1,Var1_2
0.0103124,0.0045038
