Var1_1,Var1_2
0.0074338,0.0050951
