Var1_1,Var1_2
0.0107119,0.0040459
