Var1_1,Var1_2
0.0081304,0.0040062
