Var1_1,Var1_2
0.0092871,0.004491
