Var1_1,Var1_2
0.008076,0.0042556
