Var1_1,Var1_2
0.0079101,0.0047199
