Var1_1,Var1_2
0.008597,0.00371
