Var1_1,Var1_2
0.0082258,0.0046828
