Var1_1,Var1_2
0.0066996,0.0042471
