Var1_1,Var1_2
0.0078607,0.0055478
