Var1_1,Var1_2
0.0084652,0.0049245
