Var1_1,Var1_2
0.0066111,0.0040427
