Var1_1,Var1_2
0.0106522,0.0048192
