Var1_1,Var1_2
0.0071341,0.00408
