Var1_1,Var1_2
0.0091623,0.0042564
