Var1_1,Var1_2
0.007852,0.0040268
