Var1_1,Var1_2
0.0106425,0.0056965
