Var1_1,Var1_2
0.0088722,0.0041823
