Var1_1,Var1_2
0.010681,0.0048954
