Var1_1,Var1_2
0.0087197,0.0044095
