Var1_1,Var1_2
0.0071235,0.00437
