Var1_1,Var1_2
0.0080239,0.004383
