Var1_1,Var1_2
0.0102462,0.0045054
