Var1_1,Var1_2
0.0073304,0.0040267
