Var1_1,Var1_2
0.0074631,0.0040462
