Var1_1,Var1_2
0.0077108,0.0040941
