Var1_1,Var1_2
0.0074942,0.004994
