Var1_1,Var1_2
0.0078472,0.0042378
