Var1_1,Var1_2
0.0082885,0.0041288
