Var1_1,Var1_2
0.0081563,0.0042853
