Var1_1,Var1_2
0.0092986,0.0041563
