Var1_1,Var1_2
0.0077563,0.0041443
