Var1_1,Var1_2
0.0078139,0.0040701
