Var1_1,Var1_2
0.0078918,0.004946
