Var1_1,Var1_2
0.0073477,0.0041543
