Var1_1,Var1_2
0.0106954,0.0054498
