Var1_1,Var1_2
0.0104803,0.0059522
