Var1_1,Var1_2
0.007444,0.0042705
