Var1_1,Var1_2
0.0054624,0.0038313
