Var1_1,Var1_2
0.006145,0.0040119
