Var1_1,Var1_2
0.0060152,0.0050202
