Var1_1,Var1_2
0.0086181,0.0044359
