Var1_1,Var1_2
0.0099265,0.0048285
