Var1_1,Var1_2
0.0088244,0.0045232
