Var1_1,Var1_2
0.0090304,0.0046792
