Var1_1,Var1_2
0.0098636,0.0041616
