Var1_1,Var1_2
0.0087105,0.0046307
