Var1_1,Var1_2
0.0083875,0.0049954
