Var1_1,Var1_2
0.0089162,0.0042563
