Var1_1,Var1_2
0.0095897,0.0047864
