Var1_1,Var1_2
0.0091877,0.0049281
