Var1_1,Var1_2
0.0095048,0.0056099
