Var1_1,Var1_2
0.0089033,0.0043142
