Var1_1,Var1_2
0.0095353,0.0046812
