Var1_1,Var1_2
0.0087982,0.0047188
