Var1_1,Var1_2
0.0084144,0.0047725
