Var1_1,Var1_2
0.0093292,0.0048915
