Var1_1,Var1_2
0.0094627,0.0050988
