Var1_1,Var1_2
0.0084346,0.005027
