Var1_1,Var1_2
0.0104077,0.0050602
