Var1_1,Var1_2
0.0086591,0.0045945
