Var1_1,Var1_2
0.0094788,0.0047487
