Var1_1,Var1_2
0.0104643,0.0056555
