Var1_1,Var1_2
0.0093942,0.0049039
