Var1_1,Var1_2
0.0105225,0.0050515
