Var1_1,Var1_2
0.0097779,0.0053016
