Var1_1,Var1_2
0.0126807,0.006889
