Var1_1,Var1_2
0.0117936,0.009429
