Var1_1,Var1_2
0.0109723,0.0077734
