Var1_1,Var1_2
0.0110765,0.0068506
