Var1_1,Var1_2
0.0094427,0.0080486
