Var1_1,Var1_2
0.0094675,0.0072831
