Var1_1,Var1_2
0.010581,0.008722
