Var1_1,Var1_2
0.0127445,0.0065069
