Var1_1,Var1_2
0.0080546,0.0054276
