Var1_1,Var1_2
0.0074674,0.0047556
