Var1_1,Var1_2
0.0088288,0.0060713
