Var1_1,Var1_2
0.0073641,0.0049368
