Var1_1,Var1_2
0.0058034,0.003637
