Var1_1,Var1_2
0.0080965,0.0055233
