Var1_1,Var1_2
0.0075754,0.0046261
