Var1_1,Var1_2
0.0081088,0.0054351
