Var1_1,Var1_2
0.0198718,0.0186519
