Var1_1,Var1_2
0.0104044,0.0070485
