Var1_1,Var1_2
0.0207696,0.0187172
