Var1_1,Var1_2
0.0072769,0.0040815
