Var1_1,Var1_2
0.0234316,0.0192121
