Var1_1,Var1_2
0.005485,0.00375
