Var1_1,Var1_2
0.0061334,0.0035956
