Var1_1,Var1_2
0.0085567,0.0052613
