Var1_1,Var1_2
0.0066584,0.0045987
