Var1_1,Var1_2
0.0191529,0.0173835
