Var1_1,Var1_2
0.0056975,0.003536
