Var1_1,Var1_2
0.0242388,0.0223772
