Var1_1,Var1_2
0.0196146,0.0186945
