Var1_1,Var1_2
0.0203892,0.0201547
