Var1_1,Var1_2
0.0057311,0.0036982
