Var1_1,Var1_2
0.0058136,0.0038537
