Var1_1,Var1_2
0.0205881,0.0195429
