Var1_1,Var1_2
0.0083698,0.0070339
