Var1_1,Var1_2
0.0198059,0.0191103
