Var1_1,Var1_2
0.0213935,0.0209343
