Var1_1,Var1_2
0.0206202,0.0185932
