Var1_1,Var1_2
0.0057037,0.0040213
