Var1_1,Var1_2
0.0190048,0.0197188
