Var1_1,Var1_2
0.0205636,0.0184517
