Var1_1,Var1_2
0.0186242,0.0173607
