Var1_1,Var1_2
0.0282344,0.0208344
