Var1_1,Var1_2
0.018852,0.0178479
