Var1_1,Var1_2
0.0184875,0.0167647
