Var1_1,Var1_2
0.0059195,0.0038854
