Var1_1,Var1_2
0.0111594,0.0054926
