Var1_1,Var1_2
0.0131519,0.0064306
