Var1_1,Var1_2
0.0124361,0.0173562
