Var1_1,Var1_2
0.0057507,0.0037987
