Var1_1,Var1_2
0.0065423,0.0038391
