Var1_1,Var1_2
0.0104458,0.0082412
