Var1_1,Var1_2
0.0117231,0.0073361
