Var1_1,Var1_2
0.0097986,0.008052
