Var1_1,Var1_2
0.0068787,0.0039979
