Var1_1,Var1_2
0.0124797,0.0085655
