Var1_1,Var1_2
0.0101395,0.0078881
