Var1_1,Var1_2
0.005941,0.0038878
