Var1_1,Var1_2
0.0090446,0.0066129
