Var1_1,Var1_2
0.0114062,0.0064419
