Var1_1,Var1_2
0.0091794,0.0067344
