Var1_1,Var1_2
0.0100191,0.0064348
