Var1_1,Var1_2
0.0131532,0.0057848
