Var1_1,Var1_2
0.0112199,0.0063477
