Var1_1,Var1_2
0.0100529,0.0084917
