Var1_1,Var1_2
0.0088508,0.0069064
