Var1_1,Var1_2
0.0118092,0.0075985
