Var1_1,Var1_2
0.0098435,0.004625
