Var1_1,Var1_2
0.0132349,0.0099486
