Var1_1,Var1_2
0.0087552,0.0050303
