Var1_1,Var1_2
0.0088353,0.0047628
