Var1_1,Var1_2
0.0093645,0.0102688
