Var1_1,Var1_2
0.0098514,0.0066754
