Var1_1,Var1_2
0.0142799,0.007395
