Var1_1,Var1_2
0.0117661,0.005951
