Var1_1,Var1_2
0.0117074,0.009034
