Var1_1,Var1_2
0.0130828,0.0085093
