Var1_1,Var1_2
0.0130803,0.0100243
