Var1_1,Var1_2
0.0148248,0.0102985
