Var1_1,Var1_2
0.0123562,0.0045532
