Var1_1,Var1_2
0.0102277,0.0049996
