Var1_1,Var1_2
0.0109949,0.0070764
