Var1_1,Var1_2
0.0136553,0.0133522
