Var1_1,Var1_2
0.0108952,0.008372
