Var1_1,Var1_2
0.0118506,0.0060576
