Var1_1,Var1_2
0.012545,0.0101616
