Var1_1,Var1_2
0.0096905,0.0050397
