Var1_1,Var1_2
0.0109825,0.0054109
