Var1_1,Var1_2
0.0115217,0.0051653
