Var1_1,Var1_2
0.0083413,0.0053897
