Var1_1,Var1_2
0.0132322,0.0114977
