Var1_1,Var1_2
0.008196,0.005815
