Var1_1,Var1_2
0.0100429,0.0103199
