Var1_1,Var1_2
0.0106187,0.0053814
