Var1_1,Var1_2
0.0110724,0.005351
