Var1_1,Var1_2
0.0147441,0.0063214
