Var1_1,Var1_2
0.009393,0.0069836
