Var1_1,Var1_2
0.0113641,0.0066837
