Var1_1,Var1_2
0.0082357,0.0078455
