Var1_1,Var1_2
0.0117824,0.0067914
