Var1_1,Var1_2
0.0150708,0.0074713
