Var1_1,Var1_2
0.009163,0.0083013
