Var1_1,Var1_2
0.0097578,0.0050851
