Var1_1,Var1_2
0.011092,0.0108729
