Var1_1,Var1_2
0.0117777,0.0071985
