Var1_1,Var1_2
0.0106077,0.0077223
