Var1_1,Var1_2
0.010426,0.0088883
