Var1_1,Var1_2
0.0106706,0.0069392
