Var1_1,Var1_2
0.0085093,0.0085898
