Var1_1,Var1_2
0.009371,0.0069708
