Var1_1,Var1_2
0.0106272,0.0112215
