Var1_1,Var1_2
0.0080989,0.0058981
