Var1_1,Var1_2
0.0107773,0.00739
