Var1_1,Var1_2
0.0079212,0.0147907
