Var1_1,Var1_2
0.0092507,0.0086302
