Var1_1,Var1_2
0.0087412,0.0075245
