Var1_1,Var1_2
0.0109391,0.0047087
