Var1_1,Var1_2
0.0088685,0.008724
