Var1_1,Var1_2
0.0096614,0.0049107
