Var1_1,Var1_2
0.0099189,0.0055408
