Var1_1,Var1_2
0.009877,0.0061955
