Var1_1,Var1_2
0.0129817,0.0089688
