Var1_1,Var1_2
0.0104938,0.0099616
