Var1_1,Var1_2
0.0082356,0.0117785
