Var1_1,Var1_2
0.014975,0.0091074
