Var1_1,Var1_2
0.0102031,0.0052179
