Var1_1,Var1_2
0.0098129,0.0057859
