Var1_1,Var1_2
0.0103543,0.0084533
