Var1_1,Var1_2
0.0119815,0.0066879
