Var1_1,Var1_2
0.0101216,0.0069568
