Var1_1,Var1_2
0.0105991,0.0053427
