Var1_1,Var1_2
0.0095892,0.0057238
