Var1_1,Var1_2
0.0135609,0.0058396
