Var1_1,Var1_2
0.01001,0.0078083
