Var1_1,Var1_2
0.00937,0.005847
