Var1_1,Var1_2
0.010775,0.006239
