Var1_1,Var1_2
0.0128419,0.0123025
