Var1_1,Var1_2
0.0097923,0.0074755
