Var1_1,Var1_2
0.0133631,0.0092561
