Var1_1,Var1_2
0.0096856,0.0077089
