Var1_1,Var1_2
0.0096266,0.0068836
