Var1_1,Var1_2
0.0126842,0.012156
