Var1_1,Var1_2
0.0097267,0.0062087
