Var1_1,Var1_2
0.0145963,0.0105461
