Var1_1,Var1_2
0.0115831,0.0113253
