Var1_1,Var1_2
0.0116304,0.0105084
