Var1_1,Var1_2
0.0098645,0.0062295
