Var1_1,Var1_2
0.0110244,0.0054712
