Var1_1,Var1_2
0.0147249,0.0090217
