Var1_1,Var1_2
0.0100986,0.0057389
