Var1_1,Var1_2
0.0095537,0.0053627
