Var1_1,Var1_2
0.0099869,0.0062973
