Var1_1,Var1_2
0.0142574,0.0055437
