Var1_1,Var1_2
0.0108001,0.0084797
