Var1_1,Var1_2
0.0121389,0.0053806
