Var1_1,Var1_2
0.0104149,0.0059122
