Var1_1,Var1_2
0.0101079,0.005937
