Var1_1,Var1_2
0.009966,0.0055369
