Var1_1,Var1_2
0.0094891,0.0044184
