Var1_1,Var1_2
0.0139397,0.0107018
