Var1_1,Var1_2
0.0094416,0.0056235
