Var1_1,Var1_2
0.0094251,0.0050586
