Var1_1,Var1_2
0.0092688,0.0063426
