Var1_1,Var1_2
0.0169286,0.0090602
