Var1_1,Var1_2
0.0123406,0.0066644
