Var1_1,Var1_2
0.0096903,0.0061583
