Var1_1,Var1_2
0.0105258,0.0068516
