Var1_1,Var1_2
0.0093648,0.005451
