Var1_1,Var1_2
0.0148113,0.0086163
