Var1_1,Var1_2
0.0109572,0.0058136
