Var1_1,Var1_2
0.0113719,0.0048792
