Var1_1,Var1_2
0.0107433,0.0083845
