Var1_1,Var1_2
0.0152981,0.0108948
