Var1_1,Var1_2
0.0167974,0.0110118
