Var1_1,Var1_2
0.0139636,0.0061015
