Var1_1,Var1_2
0.0092301,0.0074521
