Var1_1,Var1_2
0.0096052,0.0053491
