Var1_1,Var1_2
0.014398,0.0061972
