Var1_1,Var1_2
0.0099045,0.0060643
