Var1_1,Var1_2
0.014185,0.0053326
