Var1_1,Var1_2
0.0091287,0.0070171
