Var1_1,Var1_2
0.0136785,0.0092994
