Var1_1,Var1_2
0.0097223,0.0048718
