Var1_1,Var1_2
0.015561,0.0051069
