Var1_1,Var1_2
0.0119523,0.0077212
