Var1_1,Var1_2
0.0104996,0.0055428
