Var1_1,Var1_2
0.0084905,0.0064019
