Var1_1,Var1_2
0.0099655,0.0092542
