Var1_1,Var1_2
0.0097681,0.0046741
