Var1_1,Var1_2
0.009489,0.0058115
