Var1_1,Var1_2
0.0208236,0.0090826
