Var1_1,Var1_2
0.0087976,0.0070015
