Var1_1,Var1_2
0.0106719,0.0049101
