Var1_1,Var1_2
0.0159555,0.0059513
