Var1_1,Var1_2
0.017712,0.0122872
