Var1_1,Var1_2
0.0091366,0.0083659
