Var1_1,Var1_2
0.0091341,0.0107803
