Var1_1,Var1_2
0.009159,0.0044247
