Var1_1,Var1_2
0.0096916,0.0068885
