Var1_1,Var1_2
0.0108339,0.0068257
