Var1_1,Var1_2
0.0087819,0.0069737
