Var1_1,Var1_2
0.0093783,0.006761
