Var1_1,Var1_2
0.009481,0.0088509
