Var1_1,Var1_2
0.0088709,0.008037
