Var1_1,Var1_2
0.0123347,0.0073818
