Var1_1,Var1_2
0.0107055,0.0065703
