Var1_1,Var1_2
0.0106725,0.0064316
