Var1_1,Var1_2
0.0084474,0.0046307
