Var1_1,Var1_2
0.0087992,0.0075873
