Var1_1,Var1_2
0.0103066,0.0070537
