Var1_1,Var1_2
0.0101525,0.0064633
