Var1_1,Var1_2
0.0100049,0.0045639
