Var1_1,Var1_2
0.0110987,0.0097227
