Var1_1,Var1_2
0.0097047,0.0054088
