Var1_1,Var1_2
0.010289,0.0089084
