Var1_1,Var1_2
0.0104246,0.0062204
