Var1_1,Var1_2
0.0112848,0.0049982
