Var1_1,Var1_2
0.0116969,0.0064392
