Var1_1,Var1_2
0.0091095,0.0081213
