Var1_1,Var1_2
0.0094646,0.0097416
