Var1_1,Var1_2
0.0117002,0.0106303
