Var1_1,Var1_2
0.0129152,0.0090218
