Var1_1,Var1_2
0.010203,0.0061016
