Var1_1,Var1_2
0.009838,0.0104344
