Var1_1,Var1_2
0.010514,0.0071626
