Var1_1,Var1_2
0.0144188,0.0124391
