Var1_1,Var1_2
0.0129815,0.0054746
