Var1_1,Var1_2
0.0115071,0.0093695
