Var1_1,Var1_2
0.0146844,0.0118953
