Var1_1,Var1_2
0.0098854,0.0044278
