Var1_1,Var1_2
0.01306,0.0086408
