Var1_1,Var1_2
0.008481,0.0062504
