Var1_1,Var1_2
0.0162872,0.0108784
