Var1_1,Var1_2
0.012741,0.0117049
