Var1_1,Var1_2
0.0138835,0.0124698
