Var1_1,Var1_2
0.0100562,0.0054765
