Var1_1,Var1_2
0.0129524,0.0093712
