Var1_1,Var1_2
0.0101644,0.0063774
