Var1_1,Var1_2
0.0117817,0.0084438
