Var1_1,Var1_2
0.0102562,0.0069733
