Var1_1,Var1_2
0.0118567,0.0098068
