Var1_1,Var1_2
0.0093128,0.0052574
