Var1_1,Var1_2
0.0133132,0.010268
