Var1_1,Var1_2
0.0153598,0.0099676
