Var1_1,Var1_2
0.0134324,0.0076732
