Var1_1,Var1_2
0.0091267,0.0060831
