Var1_1,Var1_2
0.0118477,0.0067672
