Var1_1,Var1_2
0.0099362,0.007371
