Var1_1,Var1_2
0.0100356,0.0066191
