Var1_1,Var1_2
0.0088961,0.0070682
