Var1_1,Var1_2
0.008543,0.0072517
