Var1_1,Var1_2
0.008102,0.0076803
