Var1_1,Var1_2
0.0094413,0.0062267
