Var1_1,Var1_2
0.0097322,0.0050239
