Var1_1,Var1_2
0.0087748,0.0082224
