Var1_1,Var1_2
0.0080045,0.0091068
