Var1_1,Var1_2
0.0091319,0.0057414
