Var1_1,Var1_2
0.0087763,0.0070957
