Var1_1,Var1_2
0.0101086,0.0061112
