Var1_1,Var1_2
0.0076509,0.006458
