Var1_1,Var1_2
0.0103338,0.0055458
