Var1_1,Var1_2
0.0076903,0.0060037
