Var1_1,Var1_2
0.0081929,0.0078104
