Var1_1,Var1_2
0.008082,0.0084543
