Var1_1,Var1_2
0.0084803,0.0062183
