Var1_1,Var1_2
0.0089336,0.0068695
