Var1_1,Var1_2
0.0086489,0.0061538
