Var1_1,Var1_2
0.0086669,0.0044434
