Var1_1,Var1_2
0.0086175,0.005425
