Var1_1,Var1_2
0.0089476,0.0079897
