Var1_1,Var1_2
0.0098011,0.0073752
