Var1_1,Var1_2
0.0079808,0.0080795
