Var1_1,Var1_2
0.0081023,0.0075886
