Var1_1,Var1_2
0.0097789,0.0068478
