Var1_1,Var1_2
0.0064798,0.0039873
