Var1_1,Var1_2
0.010194,0.0051466
