Var1_1,Var1_2
0.0090258,0.0068489
