Var1_1,Var1_2
0.0101209,0.0049134
