Var1_1,Var1_2
0.0085378,0.0061144
