Var1_1,Var1_2
0.0081537,0.0080107
