Var1_1,Var1_2
0.0082968,0.0068428
