Var1_1,Var1_2
0.0101334,0.005885
