Var1_1,Var1_2
0.0084692,0.0083643
