Var1_1,Var1_2
0.0085199,0.0062743
