Var1_1,Var1_2
0.0110575,0.0060338
