Var1_1,Var1_2
0.0089868,0.0065787
