Var1_1,Var1_2
0.0099531,0.0076108
