Var1_1,Var1_2
0.007881,0.0064925
