Var1_1,Var1_2
0.010216,0.0057737
