Var1_1,Var1_2
0.0083997,0.0081698
