Var1_1,Var1_2
0.0084874,0.0057064
