Var1_1,Var1_2
0.010005,0.0056064
