Var1_1,Var1_2
0.0107213,0.0059074
