Var1_1,Var1_2
0.0100735,0.0057021
