Var1_1,Var1_2
0.0082753,0.0060789
