Var1_1,Var1_2
0.0085309,0.0055277
