Var1_1,Var1_2
0.00965,0.0056048
