Var1_1,Var1_2
0.0101676,0.0051245
