Var1_1,Var1_2
0.0096952,0.0072382
