Var1_1,Var1_2
0.0099723,0.0048806
