Var1_1,Var1_2
0.0106644,0.0051951
