Var1_1,Var1_2
0.0134864,0.0080591
