Var1_1,Var1_2
0.0111344,0.0060111
