Var1_1,Var1_2
0.0090589,0.005828
