Var1_1,Var1_2
0.0087823,0.0044268
