Var1_1,Var1_2
0.0084282,0.0047179
