Var1_1,Var1_2
0.0082291,0.0063053
