Var1_1,Var1_2
0.0087842,0.0050227
