Var1_1,Var1_2
0.0106204,0.0065384
