Var1_1,Var1_2
0.0084299,0.0044271
