Var1_1,Var1_2
0.0086756,0.0057314
