Var1_1,Var1_2
0.0086103,0.0060169
