Var1_1,Var1_2
0.0090468,0.0074837
