Var1_1,Var1_2
0.0109742,0.0058311
