Var1_1,Var1_2
0.00829,0.0060237
