Var1_1,Var1_2
0.0097707,0.0052322
