Var1_1,Var1_2
0.0098578,0.0139129
