Var1_1,Var1_2
0.0078169,0.0074694
