Var1_1,Var1_2
0.0087665,0.0074369
