Var1_1,Var1_2
0.0088111,0.0107709
