Var1_1,Var1_2
0.011317,0.0087523
