Var1_1,Var1_2
0.0174129,0.0159437
