Var1_1,Var1_2
0.0126805,0.0106196
