Var1_1,Var1_2
0.0127489,0.0091447
