Var1_1,Var1_2
0.0232367,0.0182305
