Var1_1,Var1_2
0.0126533,0.0131739
