Var1_1,Var1_2
0.0100413,0.0075797
