Var1_1,Var1_2
0.0061419,0.0050128
