Var1_1,Var1_2
0.0089207,0.0050083
