Var1_1,Var1_2
0.0179399,0.0118028
