Var1_1,Var1_2
0.0095339,0.0070488
