Var1_1,Var1_2
0.0089597,0.0063062
