Var1_1,Var1_2
0.0105676,0.0058127
