Var1_1,Var1_2
0.0079809,0.0051876
