Var1_1,Var1_2
0.0076707,0.0061859
