Var1_1,Var1_2
0.0185465,0.0174522
