Var1_1,Var1_2
0.0085623,0.0053327
