Var1_1,Var1_2
0.0081648,0.0070309
