Var1_1,Var1_2
0.0085678,0.0057455
