Var1_1,Var1_2
0.0090078,0.0064785
