Var1_1,Var1_2
0.0060698,0.0042142
