Var1_1,Var1_2
0.0091279,0.0046755
