Var1_1,Var1_2
0.0101354,0.0051527
