Var1_1,Var1_2
0.0091874,0.0050657
