Var1_1,Var1_2
0.008112,0.0054537
