Var1_1,Var1_2
0.0084158,0.0052657
