Var1_1,Var1_2
0.0080248,0.0060979
