Var1_1,Var1_2
0.0077107,0.0079161
