Var1_1,Var1_2
0.0088264,0.0056896
