Var1_1,Var1_2
0.0060786,0.0038179
