Var1_1,Var1_2
0.0181423,0.0166446
