Var1_1,Var1_2
0.0195418,0.0183524
