Var1_1,Var1_2
0.0184485,0.0171483
