Var1_1,Var1_2
0.0076562,0.0019758
