Var1_1,Var1_2
0.0073362,0.0041576
