Var1_1,Var1_2
0.0196901,0.0180459
