Var1_1,Var1_2
0.0157704,0.0084076
