Var1_1,Var1_2
0.0082231,0.0064113
