Var1_1,Var1_2
0.0161088,0.0084083
