Var1_1,Var1_2
0.0185954,0.0170568
