Var1_1,Var1_2
0.0150219,0.0085619
