Var1_1,Var1_2
0.019735,0.0177971
