Var1_1,Var1_2
0.0153759,0.0087546
