Var1_1,Var1_2
0.0155633,0.0081587
