Var1_1,Var1_2
0.0184606,0.0169425
