Var1_1,Var1_2
0.0185229,0.0166901
