Var1_1,Var1_2
0.018496,0.0162704
