Var1_1,Var1_2
0.0057091,0.0032835
