Var1_1,Var1_2
0.018795,0.0164275
