Var1_1,Var1_2
0.0186773,0.0170248
