Var1_1,Var1_2
0.0184545,0.0161454
