Var1_1,Var1_2
0.0155211,0.008369
