Var1_1,Var1_2
0.018233,0.016247
