Var1_1,Var1_2
0.0188119,0.0174251
