Var1_1,Var1_2
0.0193993,0.017021
