Var1_1,Var1_2
0.0116859,0.0045257
