Var1_1,Var1_2
0.0159922,0.0084515
