Var1_1,Var1_2
0.0185904,0.0180477
