Var1_1,Var1_2
0.0149672,0.0086415
