Var1_1,Var1_2
0.0184119,0.0167083
