Var1_1,Var1_2
0.0185226,0.017321
