Var1_1,Var1_2
0.0071455,0.0039135
