Var1_1,Var1_2
0.0087104,0.0041437
