Var1_1,Var1_2
0.0189559,0.0180303
