Var1_1,Var1_2
0.0184764,0.0166627
