Var1_1,Var1_2
0.0151622,0.0079619
