Var1_1,Var1_2
0.0087703,0.0056799
