Var1_1,Var1_2
0.0188429,0.0175558
