Var1_1,Var1_2
0.0187322,0.0165556
