Var1_1,Var1_2
0.0182044,0.0174021
