Var1_1,Var1_2
0.0070554,0.0031707
