Var1_1,Var1_2
0.0183317,0.0168821
