Var1_1,Var1_2
0.018986,0.0169601
