Var1_1,Var1_2
0.0182864,0.0187228
