Var1_1,Var1_2
0.0182243,0.0173462
