Var1_1,Var1_2
0.0153104,0.0083725
