Var1_1,Var1_2
0.0183344,0.017338
