Var1_1,Var1_2
0.0187832,0.0160971
