Var1_1,Var1_2
0.0193647,0.0175435
