Var1_1,Var1_2
0.0065906,0.004453
