Var1_1,Var1_2
0.0151638,0.0083721
