Var1_1,Var1_2
0.0190661,0.0184814
