Var1_1,Var1_2
0.018213,0.0165526
