Var1_1,Var1_2
0.0067693,0.0036986
