Var1_1,Var1_2
0.0160388,0.0082789
