Var1_1,Var1_2
0.0188169,0.0175154
