Var1_1,Var1_2
0.0063017,0.0038197
