Var1_1,Var1_2
0.0197146,0.0179874
