Var1_1,Var1_2
0.0185412,0.017457
