Var1_1,Var1_2
0.0151254,0.0082255
