Var1_1,Var1_2
0.0190327,0.017181
