Var1_1,Var1_2
0.0235606,0.0202465
