Var1_1,Var1_2
0.0159806,0.0082186
