Var1_1,Var1_2
0.0147495,0.0077806
