Var1_1,Var1_2
0.0150484,0.0079982
