Var1_1,Var1_2
0.0152618,0.0081935
