Var1_1,Var1_2
0.0197396,0.0190537
