Var1_1,Var1_2
0.0059896,0.0018449
