Var1_1,Var1_2
0.0185677,0.0181083
