Var1_1,Var1_2
0.0066653,0.003676
