Var1_1,Var1_2
0.0181791,0.0169635
