Var1_1,Var1_2
0.0203894,0.0188916
