Var1_1,Var1_2
0.0186246,0.0164631
