Var1_1,Var1_2
0.018175,0.0166848
