Var1_1,Var1_2
0.01925,0.0175188
