Var1_1,Var1_2
0.0187539,0.0167736
