Var1_1,Var1_2
0.0061486,0.0037151
