Var1_1,Var1_2
0.0194819,0.0189653
