Var1_1,Var1_2
0.0191196,0.0174054
