Var1_1,Var1_2
0.0185581,0.0171054
