Var1_1,Var1_2
0.0181489,0.0168135
