Var1_1,Var1_2
0.0151181,0.0083268
