Var1_1,Var1_2
0.0083591,0.0025722
