Var1_1,Var1_2
0.020532,0.0164002
