Var1_1,Var1_2
0.014979,0.0082411
