Var1_1,Var1_2
0.0184353,0.016622
