Var1_1,Var1_2
0.0184007,0.019289
