Var1_1,Var1_2
0.0151817,0.0079659
