Var1_1,Var1_2
0.0185221,0.0181322
