Var1_1,Var1_2
0.0200316,0.0167913
