Var1_1,Var1_2
0.0181468,0.0164378
