Var1_1,Var1_2
0.018993,0.0171836
