Var1_1,Var1_2
0.010059,0.005921
