Var1_1,Var1_2
0.0189352,0.01934
