Var1_1,Var1_2
0.0188008,0.0172533
