Var1_1,Var1_2
0.0074141,0.0044261
