Var1_1,Var1_2
0.0074892,0.0045023
