Var1_1,Var1_2
0.0080765,0.0055356
