Var1_1,Var1_2
0.0049456,0.0017748
