Var1_1,Var1_2
0.0075608,0.0053503
