Var1_1,Var1_2
0.0148784,0.0077799
