Var1_1,Var1_2
0.0180601,0.0175307
