Var1_1,Var1_2
0.0085929,0.0052377
