Var1_1,Var1_2
0.0151357,0.0085643
