Var1_1,Var1_2
0.0187054,0.0170094
