Var1_1,Var1_2
0.0156505,0.0088449
