Var1_1,Var1_2
0.0188693,0.0174999
