Var1_1,Var1_2
0.0195655,0.0171804
