Var1_1,Var1_2
0.0161433,0.0085593
