Var1_1,Var1_2
0.0149384,0.0079848
