Var1_1,Var1_2
0.0188958,0.0174966
