Var1_1,Var1_2
0.0189215,0.0169245
