Var1_1,Var1_2
0.0185596,0.0166756
