Var1_1,Var1_2
0.0093571,0.0048012
