Var1_1,Var1_2
0.0186745,0.017866
