Var1_1,Var1_2
0.0190492,0.0192474
