Var1_1,Var1_2
0.0188748,0.0173338
