Var1_1,Var1_2
0.0197519,0.0178091
