Var1_1,Var1_2
0.0209105,0.0211741
