Var1_1,Var1_2
0.0229559,0.021282
