Var1_1,Var1_2
0.0200435,0.02144
