Var1_1,Var1_2
0.0195403,0.0192413
