Var1_1,Var1_2
0.0199153,0.0209514
