Var1_1,Var1_2
0.0230068,0.0239377
