Var1_1,Var1_2
0.0209246,0.022077
