Var1_1,Var1_2
0.0211774,0.0218549
