Var1_1,Var1_2
0.0198822,0.0202745
