Var1_1,Var1_2
0.0221496,0.0225561
