Var1_1,Var1_2
0.0194202,0.0188286
