Var1_1,Var1_2
0.0204345,0.0220854
