Var1_1,Var1_2
0.019176,0.020082
