Var1_1,Var1_2
0.0193741,0.0205138
