Var1_1,Var1_2
0.0199977,0.0209602
