Var1_1,Var1_2
0.0353587,0.0282914
