Var1_1,Var1_2
0.0188606,0.0209281
