Var1_1,Var1_2
0.0234632,0.0247414
