Var1_1,Var1_2
0.0191309,0.0180205
