Var1_1,Var1_2
0.0187717,0.0189406
