Var1_1,Var1_2
0.0190075,0.017191
