Var1_1,Var1_2
0.0189397,0.0181356
