Var1_1,Var1_2
0.0188369,0.0186228
