Var1_1,Var1_2
0.0189229,0.01775
