Var1_1,Var1_2
0.0191616,0.0185591
