Var1_1,Var1_2
0.0188046,0.0189228
