Var1_1,Var1_2
0.0188465,0.0184165
