Var1_1,Var1_2
0.0197653,0.0179755
