Var1_1,Var1_2
0.0198447,0.0181915
