Var1_1,Var1_2
0.0201311,0.0180594
