Var1_1,Var1_2
0.0191132,0.0174164
