Var1_1,Var1_2
0.0187714,0.0184145
