Var1_1,Var1_2
0.0204206,0.0193689
