Var1_1,Var1_2
0.0192489,0.0179113
