Var1_1,Var1_2
0.0187314,0.0182433
