Var1_1,Var1_2
0.0190963,0.0181649
