Var1_1,Var1_2
0.0189151,0.0178324
