Var1_1,Var1_2
0.0187636,0.0188417
