Var1_1,Var1_2
0.0187397,0.0178649
