Var1_1,Var1_2
0.0192287,0.0174226
