Var1_1,Var1_2
0.0187454,0.0162354
