Var1_1,Var1_2
0.021859,0.0211145
