Var1_1,Var1_2
0.0192545,0.0174895
