Var1_1,Var1_2
0.0190856,0.0180366
