Var1_1,Var1_2
0.0190683,0.0185915
