Var1_1,Var1_2
0.0196678,0.0180348
