Var1_1,Var1_2
0.0184161,0.0169305
