Var1_1,Var1_2
0.0084485,0.0044942
