Var1_1,Var1_2
0.0072433,0.0047919
