Var1_1,Var1_2
0.0194158,0.0175354
