Var1_1,Var1_2
0.0066992,0.0045568
