Var1_1,Var1_2
0.0219009,0.0222012
