Var1_1,Var1_2
0.0069467,0.0044138
