Var1_1,Var1_2
0.0192564,0.017613
