Var1_1,Var1_2
0.0075746,0.0044515
