Var1_1,Var1_2
0.0081675,0.0048833
