Var1_1,Var1_2
0.0250307,0.0261509
