Var1_1,Var1_2
0.0076175,0.0047555
