Var1_1,Var1_2
0.0212396,0.019999
