Var1_1,Var1_2
0.021401,0.0194286
