Var1_1,Var1_2
0.0195006,0.01767
