Var1_1,Var1_2
0.019353,0.0177279
