Var1_1,Var1_2
0.0215165,0.0197312
