Var1_1,Var1_2
0.0211644,0.0195865
