Var1_1,Var1_2
0.0196236,0.0186827
