Var1_1,Var1_2
0.0079105,0.0049492
