Var1_1,Var1_2
0.0237626,0.0261186
