Var1_1,Var1_2
0.006931,0.0049232
