Var1_1,Var1_2
0.0193586,0.0172035
