Var1_1,Var1_2
0.0198635,0.0183077
