Var1_1,Var1_2
0.0141787,0.0112285
