Var1_1,Var1_2
0.0091598,0.0072269
