Var1_1,Var1_2
0.0087648,0.0073671
