Var1_1,Var1_2
0.014411,0.0077063
