Var1_1,Var1_2
0.0135343,0.0115786
