Var1_1,Var1_2
0.0150101,0.0133913
