Var1_1,Var1_2
0.0116578,0.0056885
