Var1_1,Var1_2
0.0124638,0.0091225
