Var1_1,Var1_2
0.0126802,0.011783
