Var1_1,Var1_2
0.0121065,0.0104152
