Var1_1,Var1_2
0.0136652,0.01695
