Var1_1,Var1_2
0.0112036,0.0118965
