Var1_1,Var1_2
0.0123142,0.0073975
