Var1_1,Var1_2
0.0127477,0.0076503
