Var1_1,Var1_2
0.0099328,0.0108459
