Var1_1,Var1_2
0.009663,0.0048537
