Var1_1,Var1_2
0.0097341,0.0046652
