Var1_1,Var1_2
0.0139565,0.0085573
