Var1_1,Var1_2
0.0125438,0.0097862
