Var1_1,Var1_2
0.0095132,0.011014
