Var1_1,Var1_2
0.0131891,0.0090713
