Var1_1,Var1_2
0.0140978,0.0084772
