Var1_1,Var1_2
0.0106382,0.0060071
