Var1_1,Var1_2
0.0118802,0.0113037
