Var1_1,Var1_2
0.014107,0.0084368
