Var1_1,Var1_2
0.0113261,0.0116321
