Var1_1,Var1_2
0.0139731,0.0096582
