Var1_1,Var1_2
0.0138769,0.0125676
