Var1_1,Var1_2
0.0119956,0.0102688
