Var1_1,Var1_2
0.0155463,0.0134035
