Var1_1,Var1_2
0.0077158,0.0072123
