Var1_1,Var1_2
0.0126839,0.0049867
