Var1_1,Var1_2
0.0084946,0.0280362
