Var1_1,Var1_2
0.0093391,0.0080997
