Var1_1,Var1_2
0.0132397,0.0092762
