Var1_1,Var1_2
0.0148445,0.0052772
