Var1_1,Var1_2
0.0102691,0.0057293
