Var1_1,Var1_2
0.0115297,0.0076627
