Var1_1,Var1_2
0.0151602,0.0121245
