Var1_1,Var1_2
0.0132676,0.0116389
