Var1_1,Var1_2
0.0125964,0.0137522
