Var1_1,Var1_2
0.0143698,0.0098066
