Var1_1,Var1_2
0.0097766,0.0083546
