Var1_1,Var1_2
0.0106734,0.0083993
