Var1_1,Var1_2
0.0089883,0.0057157
