Var1_1,Var1_2
0.0108136,0.0056441
