Var1_1,Var1_2
0.0126856,0.0117599
