Var1_1,Var1_2
0.0136996,0.0094554
