Var1_1,Var1_2
0.0155874,0.0139539
