Var1_1,Var1_2
0.012819,0.0099639
