Var1_1,Var1_2
0.011646,0.0107438
