Var1_1,Var1_2
0.0135457,0.0139909
