Var1_1,Var1_2
0.0121035,0.0076471
