Var1_1,Var1_2
0.0104316,0.0051653
