Var1_1,Var1_2
0.0070424,0.0091439
