Var1_1,Var1_2
0.0146509,0.0119961
