Var1_1,Var1_2
0.0095374,0.005229
