Var1_1,Var1_2
0.011343,0.0056271
