Var1_1,Var1_2
0.0085103,0.005979
