Var1_1,Var1_2
0.0096669,0.0070289
