Var1_1,Var1_2
0.0178717,0.0130462
