Var1_1,Var1_2
0.0109555,0.0093243
