Var1_1,Var1_2
0.0075449,0.0069081
