Var1_1,Var1_2
0.0079578,0.0071428
