Var1_1,Var1_2
0.0096477,0.0058379
