Var1_1,Var1_2
0.0088298,0.0055147
