Var1_1,Var1_2
0.007747,0.0059118
