Var1_1,Var1_2
0.014985,0.0112006
