Var1_1,Var1_2
0.00765,0.0068431
