Var1_1,Var1_2
0.0090925,0.0055921
