Var1_1,Var1_2
0.0091151,0.0055025
