Var1_1,Var1_2
0.0105644,0.00611
