Var1_1,Var1_2
0.00821,0.0056495
