Var1_1,Var1_2
0.0089548,0.0052541
