Var1_1,Var1_2
0.0088992,0.0054961
