Var1_1,Var1_2
0.0089582,0.0080256
