Var1_1,Var1_2
0.006243,0.0046053
