Var1_1,Var1_2
0.0082895,0.0053648
