Var1_1,Var1_2
0.0077251,0.0065326
