Var1_1,Var1_2
0.0073865,0.0064196
