Var1_1,Var1_2
0.0109993,0.0058533
