Var1_1,Var1_2
0.0084296,0.0057774
