Var1_1,Var1_2
0.0091144,0.005207
