Var1_1,Var1_2
0.0082048,0.0053401
