Var1_1,Var1_2
0.0096387,0.0060804
