Var1_1,Var1_2
0.0084526,0.0057075
