Var1_1,Var1_2
0.0088503,0.005779
