Var1_1,Var1_2
0.010027,0.0073715
