Var1_1,Var1_2
0.0102264,0.0115899
