Var1_1,Var1_2
0.0088515,0.0058788
