Var1_1,Var1_2
0.009222,0.0052213
