Var1_1,Var1_2
0.0078752,0.0058076
