Var1_1,Var1_2
0.0097171,0.0060332
