Var1_1,Var1_2
0.008825,0.0049375
