Var1_1,Var1_2
0.0076419,0.0055166
