Var1_1,Var1_2
0.0108703,0.0052088
