Var1_1,Var1_2
0.0088049,0.0047854
