Var1_1,Var1_2
0.0084854,0.0056827
