Var1_1,Var1_2
0.0079576,0.0081419
