Var1_1,Var1_2
0.0087205,0.0046287
