Var1_1,Var1_2
0.0090321,0.0049682
