Var1_1,Var1_2
0.0080516,0.008133
