Var1_1,Var1_2
0.0091425,0.0048413
