Var1_1,Var1_2
0.0086356,0.0054912
