Var1_1,Var1_2
0.0081052,0.0070206
