Var1_1,Var1_2
0.0075225,0.0052899
