Var1_1,Var1_2
0.0098271,0.0054016
