Var1_1,Var1_2
0.0080343,0.0068616
