Var1_1,Var1_2
0.0085458,0.0057935
