Var1_1,Var1_2
0.0083417,0.005279
