Var1_1,Var1_2
0.0115795,0.0059843
