Var1_1,Var1_2
0.0094309,0.0049579
