Var1_1,Var1_2
0.0093918,0.0057372
