Var1_1,Var1_2
0.0079601,0.0064278
