Var1_1,Var1_2
0.0099661,0.0061846
