Var1_1,Var1_2
0.0096979,0.0057884
