Var1_1,Var1_2
0.0104369,0.0057595
