Var1_1,Var1_2
0.0081093,0.0055724
