Var1_1,Var1_2
0.0105988,0.005858
