Var1_1,Var1_2
0.0084116,0.0054044
