Var1_1,Var1_2
0.0085042,0.0061873
