Var1_1,Var1_2
0.0082986,0.0053817
