Var1_1,Var1_2
0.0085384,0.0051342
