Var1_1,Var1_2
0.0085558,0.0047415
