Var1_1,Var1_2
0.0079869,0.0065584
