Var1_1,Var1_2
0.0092198,0.0047806
