Var1_1,Var1_2
0.0083363,0.0065314
