Var1_1,Var1_2
0.0082619,0.0060814
