Var1_1,Var1_2
0.0082087,0.0066156
