Var1_1,Var1_2
0.0068833,0.0057931
