Var1_1,Var1_2
0.0080666,0.0041502
