Var1_1,Var1_2
0.0093986,0.0049249
