Var1_1,Var1_2
0.0103904,0.0052482
