Var1_1,Var1_2
0.0092567,0.0053868
