Var1_1,Var1_2
0.0084396,0.0054655
