Var1_1,Var1_2
0.007956,0.0073133
