Var1_1,Var1_2
0.0083116,0.0060799
