Var1_1,Var1_2
0.0086964,0.0056612
