Var1_1,Var1_2
0.0084778,0.0050275
