Var1_1,Var1_2
0.0083475,0.004731
