Var1_1,Var1_2
0.0076155,0.00683
