Var1_1,Var1_2
0.0085695,0.0053408
