Var1_1,Var1_2
0.0090832,0.0052932
