Var1_1,Var1_2
0.0087876,0.0056962
