Var1_1,Var1_2
0.0068997,0.0058707
