Var1_1,Var1_2
0.0081738,0.0071796
