Var1_1,Var1_2
0.009324,0.0055599
