Var1_1,Var1_2
0.0076989,0.004748
