Var1_1,Var1_2
0.0081266,0.0048733
