Var1_1,Var1_2
0.0093987,0.0069606
