Var1_1,Var1_2
0.009532,0.0050742
