Var1_1,Var1_2
0.0081469,0.0066466
