Var1_1,Var1_2
0.0088795,0.0046407
