Var1_1,Var1_2
0.0084003,0.0064881
