Var1_1,Var1_2
0.0065868,0.0051196
