Var1_1,Var1_2
0.0086077,0.0053526
