Var1_1,Var1_2
0.0086963,0.0065575
