Var1_1,Var1_2
0.0216218,0.0241958
