Var1_1,Var1_2
0.0108116,0.006835
