Var1_1,Var1_2
0.0059947,0.004149
