Var1_1,Var1_2
0.010382,0.0050246
