Var1_1,Var1_2
0.0084746,0.005604
