Var1_1,Var1_2
0.009332,0.0060869
