Var1_1,Var1_2
0.006485,0.0067762
