Var1_1,Var1_2
0.0099183,0.0063617
