Var1_1,Var1_2
0.0088533,0.0066866
