Var1_1,Var1_2
0.0074285,0.0065876
