Var1_1,Var1_2
0.0083015,0.0051592
