Var1_1,Var1_2
0.0080807,0.0055338
