Var1_1,Var1_2
0.021168,0.0226662
