Var1_1,Var1_2
0.0097154,0.0049483
