Var1_1,Var1_2
0.0094275,0.0041989
