Var1_1,Var1_2
0.009226,0.0061235
