Var1_1,Var1_2
0.0142191,0.0056096
