Var1_1,Var1_2
0.0122674,0.0047855
