Var1_1,Var1_2
0.0092693,0.0049419
