Var1_1,Var1_2
0.0083549,0.0055031
