Var1_1,Var1_2
0.0071304,0.0042063
