Var1_1,Var1_2
0.0078728,0.0064822
