Var1_1,Var1_2
0.0080895,0.0047651
