Var1_1,Var1_2
0.0079837,0.0072197
