Var1_1,Var1_2
0.0093089,0.0067667
