Var1_1,Var1_2
0.0085313,0.0052293
