Var1_1,Var1_2
0.0096057,0.0063555
