Var1_1,Var1_2
0.0093675,0.0062026
