Var1_1,Var1_2
0.0095235,0.0066439
