Var1_1,Var1_2
0.010189,0.0053544
