Var1_1,Var1_2
0.0084794,0.0069551
