Var1_1,Var1_2
0.0084541,0.0056486
