Var1_1,Var1_2
0.0083911,0.0073256
