Var1_1,Var1_2
0.0089031,0.0057092
