Var1_1,Var1_2
0.0088909,0.0077327
