Var1_1,Var1_2
0.009949,0.006055
