Var1_1,Var1_2
0.0088753,0.0054257
