Var1_1,Var1_2
0.0186998,0.0184067
