Var1_1,Var1_2
0.0079276,0.0087527
