Var1_1,Var1_2
0.0091711,0.006499
