Var1_1,Var1_2
0.0089762,0.0043713
