Var1_1,Var1_2
0.008224,0.0027973
