Var1_1,Var1_2
0.0110164,0.0054971
