Var1_1,Var1_2
0.008399,0.0080768
