Var1_1,Var1_2
0.008503,0.0044918
