Var1_1,Var1_2
0.0100047,0.0055457
