Var1_1,Var1_2
0.0082124,0.005689
