Var1_1,Var1_2
0.0091394,0.0080327
