Var1_1,Var1_2
0.0076239,0.0053439
