Var1_1,Var1_2
0.0092439,0.0102457
