Var1_1,Var1_2
0.0088914,0.0059026
