Var1_1,Var1_2
0.0088694,0.005485
