Var1_1,Var1_2
0.0077379,0.0026603
