Var1_1,Var1_2
0.009678,0.0060346
