Var1_1,Var1_2
0.0100681,0.0061518
