Var1_1,Var1_2
0.0086061,0.0075573
