Var1_1,Var1_2
0.0084655,0.0055305
