Var1_1,Var1_2
0.0098145,0.005361
