Var1_1,Var1_2
0.0094732,0.0047531
