Var1_1,Var1_2
0.0098644,0.005311
