Var1_1,Var1_2
0.0099031,0.0068062
