Var1_1,Var1_2
0.0103724,0.0065982
