Var1_1,Var1_2
0.009584,0.0050311
