Var1_1,Var1_2
0.0086779,0.00643
