Var1_1,Var1_2
0.0067877,0.0056155
