Var1_1,Var1_2
0.0108615,0.0068942
