Var1_1,Var1_2
0.0102749,0.0063939
