Var1_1,Var1_2
0.0081302,0.0077843
