Var1_1,Var1_2
0.008908,0.0098031
