Var1_1,Var1_2
0.0082246,0.013194
