Var1_1,Var1_2
0.0083262,0.0105763
