Var1_1,Var1_2
0.0083656,0.00543
