Var1_1,Var1_2
0.0101255,0.005672
