Var1_1,Var1_2
0.0079466,0.0058603
