Var1_1,Var1_2
0.0082865,0.002604
