Var1_1,Var1_2
0.0077449,0.0049988
