Var1_1,Var1_2
0.0091906,0.0062123
