Var1_1,Var1_2
0.0073784,0.0057047
