Var1_1,Var1_2
0.0090672,0.0056158
