Var1_1,Var1_2
0.0097039,0.0025834
