Var1_1,Var1_2
0.0072592,0.0058768
