Var1_1,Var1_2
0.0096248,0.0060725
