Var1_1,Var1_2
0.0113476,0.0062481
