Var1_1,Var1_2
0.0088571,0.0062332
