Var1_1,Var1_2
0.0082519,0.0043789
