Var1_1,Var1_2
0.0077477,0.0081962
