Var1_1,Var1_2
0.0077017,0.0045025
