Var1_1,Var1_2
0.0082676,0.006908
