Var1_1,Var1_2
0.0093193,0.0064633
