Var1_1,Var1_2
0.0110537,0.0057942
