Var1_1,Var1_2
0.0085502,0.0062704
