Var1_1,Var1_2
0.0059573,0.0024296
