Var1_1,Var1_2
0.0090512,0.005909
