Var1_1,Var1_2
0.0091103,0.0047123
