Var1_1,Var1_2
0.0087007,0.0048135
