Var1_1,Var1_2
0.0073955,0.0026063
