Var1_1,Var1_2
0.0081772,0.0045214
