Var1_1,Var1_2
0.0091502,0.0050537
