Var1_1,Var1_2
0.008412,0.0053274
