Var1_1,Var1_2
0.007552,0.0056803
