Var1_1,Var1_2
0.0088471,0.005535
