Var1_1,Var1_2
0.0079191,0.0028574
