Var1_1,Var1_2
0.0096274,0.0066325
