Var1_1,Var1_2
0.0112678,0.0079061
