Var1_1,Var1_2
0.0100524,0.0059845
