Var1_1,Var1_2
0.0096713,0.0043356
