Var1_1,Var1_2
0.0091768,0.005607
