Var1_1,Var1_2
0.0073844,0.0026139
