Var1_1,Var1_2
0.0109711,0.0053729
