Var1_1,Var1_2
0.0058567,0.0031706
