Var1_1,Var1_2
0.0083075,0.0054654
