Var1_1,Var1_2
0.0109365,0.0071058
