Var1_1,Var1_2
0.0076654,0.0057669
