Var1_1,Var1_2
0.00856,0.004897
