Var1_1,Var1_2
0.0079751,0.0059818
