Var1_1,Var1_2
0.0110822,0.0054459
