Var1_1,Var1_2
0.0063021,0.0045935
