Var1_1,Var1_2
0.008409,0.0054179
