Var1_1,Var1_2
0.0105087,0.0056497
