Var1_1,Var1_2
0.0102693,0.0061117
