Var1_1,Var1_2
0.0087973,0.0065021
