Var1_1,Var1_2
0.0082814,0.0052478
