Var1_1,Var1_2
0.0076211,0.0076933
