Var1_1,Var1_2
0.010271,0.0100834
