Var1_1,Var1_2
0.0086066,0.0050704
