Var1_1,Var1_2
0.0088654,0.0047663
