Var1_1,Var1_2
0.0104244,0.0054097
