Var1_1,Var1_2
0.0092416,0.0076065
