Var1_1,Var1_2
0.0102212,0.0064376
