Var1_1,Var1_2
0.0096759,0.0067245
