Var1_1,Var1_2
0.0123851,0.0133135
