Var1_1,Var1_2
0.006738,0.0059393
