Var1_1,Var1_2
0.0115945,0.0089232
