Var1_1,Var1_2
0.0099004,0.0085093
