Var1_1,Var1_2
0.008739,0.0065745
