Var1_1,Var1_2
0.008978,0.0061235
