Var1_1,Var1_2
0.009764,0.007192
