Var1_1,Var1_2
0.0091619,0.0068265
