Var1_1,Var1_2
0.009118,0.0085014
