Var1_1,Var1_2
0.0083318,0.0070529
