Var1_1,Var1_2
0.0070107,0.0064268
