Var1_1,Var1_2
0.0085426,0.0053858
