Var1_1,Var1_2
0.0082496,0.0043387
