Var1_1,Var1_2
0.0102718,0.0074988
