Var1_1,Var1_2
0.0080863,0.0045033
