Var1_1,Var1_2
0.0085021,0.0055116
