Var1_1,Var1_2
0.0081171,0.0072696
