Var1_1,Var1_2
0.0100124,0.007131
