Var1_1,Var1_2
0.0084271,0.0066509
