Var1_1,Var1_2
0.0102238,0.0060578
