Var1_1,Var1_2
0.0092528,0.0066226
