Var1_1,Var1_2
0.0090878,0.0061679
