Var1_1,Var1_2
0.0097124,0.0052929
