Var1_1,Var1_2
0.008602,0.0055018
