Var1_1,Var1_2
0.0083811,0.0069689
