Var1_1,Var1_2
0.0092735,0.0067838
