Var1_1,Var1_2
0.006797,0.0048804
