Var1_1,Var1_2
0.0061126,0.0046411
