Var1_1,Var1_2
0.0088249,0.0056151
