Var1_1,Var1_2
0.0142871,0.0109488
