Var1_1,Var1_2
0.0100928,0.0056516
