Var1_1,Var1_2
0.0129537,0.0113287
