Var1_1,Var1_2
0.0084163,0.0071569
