Var1_1,Var1_2
0.0098972,0.0055175
