Var1_1,Var1_2
0.0079762,0.0069284
