Var1_1,Var1_2
0.0121428,0.0051372
