Var1_1,Var1_2
0.0137138,0.0108018
