Var1_1,Var1_2
0.010113,0.0073939
