Var1_1,Var1_2
0.0079942,0.0054055
