Var1_1,Var1_2
0.0077262,0.0049552
