Var1_1,Var1_2
0.0093159,0.0059606
