Var1_1,Var1_2
0.0137257,0.0111337
