Var1_1,Var1_2
0.0139054,0.0109154
