Var1_1,Var1_2
0.0154863,0.0102113
