Var1_1,Var1_2
0.0134091,0.0110533
