Var1_1,Var1_2
0.0092722,0.0047166
