Var1_1,Var1_2
0.0121672,0.0094969
