Var1_1,Var1_2
0.0119463,0.0147908
