Var1_1,Var1_2
0.0135207,0.0130122
