Var1_1,Var1_2
0.0136336,0.0114529
