Var1_1,Var1_2
0.0148712,0.0129856
