Var1_1,Var1_2
0.0137365,0.0155709
