Var1_1,Var1_2
0.0123102,0.0113855
