Var1_1,Var1_2
0.0142659,0.0145505
