Var1_1,Var1_2
0.0093659,0.0081448
