Var1_1,Var1_2
0.0099383,0.0074525
