Var1_1,Var1_2
0.0081288,0.0106651
