Var1_1,Var1_2
0.0138368,0.0098903
