Var1_1,Var1_2
0.0105008,0.0059062
