Var1_1,Var1_2
0.0138585,0.0104047
