Var1_1,Var1_2
0.0136577,0.01106
