Var1_1,Var1_2
0.0120517,0.0107754
