Var1_1,Var1_2
0.0138219,0.0088094
