Var1_1,Var1_2
0.0149988,0.0092664
