Var1_1,Var1_2
0.0133382,0.0088046
