Var1_1,Var1_2
0.0151051,0.0118133
