Var1_1,Var1_2
0.0119178,0.0130658
