Var1_1,Var1_2
0.0138347,0.0104516
