Var1_1,Var1_2
0.012109,0.0106381
