Var1_1,Var1_2
0.0131073,0.0108671
