Var1_1,Var1_2
0.0136241,0.0092425
