Var1_1,Var1_2
0.0144564,0.0085651
