Var1_1,Var1_2
0.0115924,0.0106858
