Var1_1,Var1_2
0.0119468,0.0152462
