Var1_1,Var1_2
0.0130797,0.0119126
