Var1_1,Var1_2
0.013276,0.0107878
