Var1_1,Var1_2
0.0144943,0.0103147
