Var1_1,Var1_2
0.0142018,0.0084759
