Var1_1,Var1_2
0.0119623,0.0104957
