Var1_1,Var1_2
0.0132098,0.0113009
