Var1_1,Var1_2
0.011651,0.0083588
