Var1_1,Var1_2
0.0165264,0.0113814
