Var1_1,Var1_2
0.0135941,0.0144895
