Var1_1,Var1_2
0.0119697,0.0118581
