Var1_1,Var1_2
0.0129281,0.0081323
