Var1_1,Var1_2
0.0158004,0.012877
