Var1_1,Var1_2
0.011537,0.011745
