Var1_1,Var1_2
0.0124591,0.0108111
