Var1_1,Var1_2
0.0119921,0.0084534
