Var1_1,Var1_2
0.016108,0.0121584
