Var1_1,Var1_2
0.014504,0.0107754
