Var1_1,Var1_2
0.0108675,0.010052
