Var1_1,Var1_2
0.0089375,0.0094531
