Var1_1,Var1_2
0.0146826,0.0085873
