Var1_1,Var1_2
0.0117515,0.010358
