Var1_1,Var1_2
0.0130653,0.0108157
