Var1_1,Var1_2
0.0123952,0.0114094
