Var1_1,Var1_2
0.0152302,0.0085333
