Var1_1,Var1_2
0.0134842,0.0121292
