Var1_1,Var1_2
0.0130706,0.0104883
