Var1_1,Var1_2
0.0144503,0.0086293
