Var1_1,Var1_2
0.008866,0.0077044
