Var1_1,Var1_2
0.0127702,0.0104796
