Var1_1,Var1_2
0.0133882,0.0103172
