Var1_1,Var1_2
0.0134039,0.0106481
