Var1_1,Var1_2
0.0126796,0.0142608
