Var1_1,Var1_2
0.0149769,0.0113391
