Var1_1,Var1_2
0.0138494,0.0102413
