Var1_1,Var1_2
0.0139687,0.0113434
