Var1_1,Var1_2
0.0086751,0.00506
