Var1_1,Var1_2
0.0128614,0.0150296
