Var1_1,Var1_2
0.0081113,0.0047204
