Var1_1,Var1_2
0.0091121,0.0065056
