Var1_1,Var1_2
0.008778,0.002347
