Var1_1,Var1_2
0.0095379,0.0064896
