Var1_1,Var1_2
0.0100933,0.0061724
