Var1_1,Var1_2
0.009506,0.0058925
