Var1_1,Var1_2
0.0090027,0.0069561
