Var1_1,Var1_2
0.0119386,0.0081594
