Var1_1,Var1_2
0.0105578,0.0086357
