Var1_1,Var1_2
0.0136407,0.0086346
