Var1_1,Var1_2
0.0082129,0.0045522
