Var1_1,Var1_2
0.0085167,0.0076481
