Var1_1,Var1_2
0.0135212,0.0084356
