Var1_1,Var1_2
0.0084083,0.0051446
