Var1_1,Var1_2
0.0079896,0.0049465
