Var1_1,Var1_2
0.013596,0.0092963
