Var1_1,Var1_2
0.0126061,0.0100395
