Var1_1,Var1_2
0.0082813,0.0027426
