Var1_1,Var1_2
0.0118486,0.0048025
