Var1_1,Var1_2
0.0086261,0.0024428
