Var1_1,Var1_2
0.021965,0.0217879
