Var1_1,Var1_2
0.0242924,0.0228172
