Var1_1,Var1_2
0.0206818,0.0233917
