Var1_1,Var1_2
0.0199849,0.0187254
