Var1_1,Var1_2
0.0250734,0.0229968
