Var1_1,Var1_2
0.0091324,0.0049837
