Var1_1,Var1_2
0.0227989,0.0237643
