Var1_1,Var1_2
0.020263,0.0208862
