Var1_1,Var1_2
0.0205114,0.0195075
