Var1_1,Var1_2
0.0221441,0.0223679
