Var1_1,Var1_2
0.0208133,0.0196048
