Var1_1,Var1_2
0.0230908,0.0206789
