Var1_1,Var1_2
0.0227364,0.0228525
