Var1_1,Var1_2
0.0201173,0.0210117
