Var1_1,Var1_2
0.0229999,0.0195976
