Var1_1,Var1_2
0.0228912,0.0225561
