Var1_1,Var1_2
0.0216089,0.021451
