Var1_1,Var1_2
0.0218553,0.0224542
