Var1_1,Var1_2
0.0119783,0.0104455
