Var1_1,Var1_2
0.024296,0.0235041
