Var1_1,Var1_2
0.021778,0.023746
