Var1_1,Var1_2
0.0221204,0.0220004
