Var1_1,Var1_2
0.0218773,0.0197509
