Var1_1,Var1_2
0.0247047,0.024886
