Var1_1,Var1_2
0.0213292,0.0228466
