Var1_1,Var1_2
0.0214845,0.0234124
