Var1_1,Var1_2
0.0245817,0.0262081
