Var1_1,Var1_2
0.0203514,0.0203621
