Var1_1,Var1_2
0.0136493,0.0113341
