Var1_1,Var1_2
0.0095681,0.0045142
