Var1_1,Var1_2
0.0080005,0.0062592
