Var1_1,Var1_2
0.0066087,0.004759
