Var1_1,Var1_2
0.0275742,0.0281136
