Var1_1,Var1_2
0.0090561,0.005887
