Var1_1,Var1_2
0.0223522,0.0240457
