Var1_1,Var1_2
0.0104887,0.0080979
