Var1_1,Var1_2
0.0112476,0.0098156
