Var1_1,Var1_2
0.0085016,0.0051004
