Var1_1,Var1_2
0.0094837,0.0056043
