Var1_1,Var1_2
0.0093607,0.0052337
