Var1_1,Var1_2
0.0106668,0.0095092
