Var1_1,Var1_2
0.00921,0.0055897
