Var1_1,Var1_2
0.0085402,0.0071392
