Var1_1,Var1_2
0.0110191,0.0070166
