Var1_1,Var1_2
0.0166936,0.0115728
