Var1_1,Var1_2
0.0103841,0.0075162
