Var1_1,Var1_2
0.0093069,0.0063743
