Var1_1,Var1_2
0.0096595,0.006019
