Var1_1,Var1_2
0.0097652,0.0054389
