Var1_1,Var1_2
0.0062018,0.0042702
