Var1_1,Var1_2
0.0068524,0.0050633
