Var1_1,Var1_2
0.0092875,0.0051609
