Var1_1,Var1_2
0.0104497,0.0065102
