Var1_1,Var1_2
0.0079249,0.0073099
