Var1_1,Var1_2
0.0088038,0.0057961
