Var1_1,Var1_2
0.0087198,0.0068754
