Var1_1,Var1_2
0.009644,0.0057409
