Var1_1,Var1_2
0.0134861,0.0104641
