Var1_1,Var1_2
0.0089358,0.0080166
