Var1_1,Var1_2
0.0089011,0.0055519
