Var1_1,Var1_2
0.0147014,0.0099055
