Var1_1,Var1_2
0.0093996,0.0065176
