Var1_1,Var1_2
0.0081793,0.0054257
