Var1_1,Var1_2
0.0091039,0.0078913
