Var1_1,Var1_2
0.0129489,0.0115869
