Var1_1,Var1_2
0.0075592,0.0059957
