Var1_1,Var1_2
0.0097997,0.0058206
