Var1_1,Var1_2
0.013373,0.0102406
