Var1_1,Var1_2
0.0102045,0.00514
