Var1_1,Var1_2
0.0100455,0.0055541
