Var1_1,Var1_2
0.008252,0.0062577
