Var1_1,Var1_2
0.0138594,0.0093625
