Var1_1,Var1_2
0.0101934,0.0061444
