Var1_1,Var1_2
0.0088697,0.0082634
