Var1_1,Var1_2
0.0118735,0.0071826
