Var1_1,Var1_2
0.0083995,0.0065495
