Var1_1,Var1_2
0.0082104,0.006086
