Var1_1,Var1_2
0.0098122,0.0057661
