Var1_1,Var1_2
0.008314,0.0071931
