Var1_1,Var1_2
0.0084996,0.0057198
