Var1_1,Var1_2
0.0073783,0.0054292
