Var1_1,Var1_2
0.0099227,0.0052442
