Var1_1,Var1_2
0.0107721,0.0054381
