Var1_1,Var1_2
0.0102592,0.0058032
