Var1_1,Var1_2
0.0087559,0.0060409
