Var1_1,Var1_2
0.0094154,0.0060236
