Var1_1,Var1_2
0.0080566,0.0048775
