Var1_1,Var1_2
0.0086387,0.0064147
