Var1_1,Var1_2
0.0081991,0.0054117
