Var1_1,Var1_2
0.0086331,0.0059863
