Var1_1,Var1_2
0.0100594,0.0058006
