Var1_1,Var1_2
0.0085332,0.0054195
