Var1_1,Var1_2
0.0073231,0.0061597
