Var1_1,Var1_2
0.0086685,0.0053164
