Var1_1,Var1_2
0.0094872,0.0075432
