Var1_1,Var1_2
0.0086467,0.0052664
