Var1_1,Var1_2
0.0087054,0.0054677
