Var1_1,Var1_2
0.008953,0.0061287
