Var1_1,Var1_2
0.0085261,0.0057826
