Var1_1,Var1_2
0.0083039,0.0053975
