Var1_1,Var1_2
0.0080811,0.0053687
