Var1_1,Var1_2
0.0082495,0.0055373
