Var1_1,Var1_2
0.00906,0.0074335
