Var1_1,Var1_2
0.0086405,0.0065924
