Var1_1,Var1_2
0.0099416,0.0059585
