Var1_1,Var1_2
0.0085795,0.0065767
