Var1_1,Var1_2
0.0086944,0.0047209
