Var1_1,Var1_2
0.008637,0.0050677
