Var1_1,Var1_2
0.0095781,0.0060224
