Var1_1,Var1_2
0.0089667,0.0064288
