Var1_1,Var1_2
0.0081012,0.0053558
