Var1_1,Var1_2
0.0099342,0.0047167
