Var1_1,Var1_2
0.0090808,0.0090398
