Var1_1,Var1_2
0.009063,0.0054106
