Var1_1,Var1_2
0.0085755,0.0061467
