Var1_1,Var1_2
0.0142235,0.0123994
