Var1_1,Var1_2
0.0081185,0.0050054
