Var1_1,Var1_2
0.0098869,0.006145
