Var1_1,Var1_2
0.0105388,0.0104444
