Var1_1,Var1_2
0.0089197,0.0062698
