Var1_1,Var1_2
0.0091601,0.0045178
