Var1_1,Var1_2
0.012981,0.0111901
