Var1_1,Var1_2
0.0087299,0.0068284
