Var1_1,Var1_2
0.008952,0.005398
