Var1_1,Var1_2
0.009385,0.005675
