Var1_1,Var1_2
0.0088246,0.0051522
