Var1_1,Var1_2
0.0113755,0.0102843
