Var1_1,Var1_2
0.0073722,0.0069908
