Var1_1,Var1_2
0.0118842,0.0115425
