Var1_1,Var1_2
0.0138501,0.0082845
