Var1_1,Var1_2
0.0092152,0.0077536
