Var1_1,Var1_2
0.0129562,0.0113365
