Var1_1,Var1_2
0.011259,0.0088198
