Var1_1,Var1_2
0.0126387,0.0101148
