Var1_1,Var1_2
0.0114454,0.0116107
