Var1_1,Var1_2
0.0099129,0.0064342
