Var1_1,Var1_2
0.0103209,0.0079398
