Var1_1,Var1_2
0.0131966,0.0076427
