Var1_1,Var1_2
0.0117188,0.0113209
