Var1_1,Var1_2
0.0129557,0.0077587
