Var1_1,Var1_2
0.0126419,0.0101682
