Var1_1,Var1_2
0.0111667,0.0105187
