Var1_1,Var1_2
0.0091814,0.0094032
