Var1_1,Var1_2
0.008037,0.0051476
