Var1_1,Var1_2
0.0132472,0.0118621
