Var1_1,Var1_2
0.0099571,0.0086825
