Var1_1,Var1_2
0.0126091,0.0074201
