Var1_1,Var1_2
0.0122483,0.0127782
