Var1_1,Var1_2
0.013408,0.0113095
