Var1_1,Var1_2
0.0141902,0.0124579
