Var1_1,Var1_2
0.0117901,0.0136083
