Var1_1,Var1_2
0.0145971,0.0116581
