Var1_1,Var1_2
0.0109094,0.0091726
