Var1_1,Var1_2
0.0132398,0.0087428
