Var1_1,Var1_2
0.0140025,0.013022
