Var1_1,Var1_2
0.0121174,0.0124288
