Var1_1,Var1_2
0.0094971,0.0048889
