Var1_1,Var1_2
0.0138126,0.0072926
