Var1_1,Var1_2
0.0151807,0.010036
