Var1_1,Var1_2
0.0098108,0.0074723
