Var1_1,Var1_2
0.0147854,0.0105322
