Var1_1,Var1_2
0.0132315,0.010033
