Var1_1,Var1_2
0.0131971,0.0084981
