Var1_1,Var1_2
0.012346,0.0089375
