Var1_1,Var1_2
0.0119267,0.0136163
