Var1_1,Var1_2
0.0127734,0.0121487
