Var1_1,Var1_2
0.0117758,0.0126704
