Var1_1,Var1_2
0.0159169,0.0108665
