Var1_1,Var1_2
0.0133243,0.0115334
