Var1_1,Var1_2
0.0153723,0.0084965
