Var1_1,Var1_2
0.013524,0.0095325
