Var1_1,Var1_2
0.0139435,0.0120583
