Var1_1,Var1_2
0.014212,0.0145145
