Var1_1,Var1_2
0.0127842,0.0123272
