Var1_1,Var1_2
0.0107601,0.0147814
