Var1_1,Var1_2
0.0137506,0.0121019
