Var1_1,Var1_2
0.0147989,0.0099113
