Var1_1,Var1_2
0.0102315,0.0093746
