Var1_1,Var1_2
0.0137467,0.0103666
