Var1_1,Var1_2
0.0145119,0.0098448
