Var1_1,Var1_2
0.0130296,0.0119059
