Var1_1,Var1_2
0.0128131,0.0080217
