Var1_1,Var1_2
0.0161457,0.0112656
