Var1_1,Var1_2
0.0085675,0.005683
