Var1_1,Var1_2
0.0146871,0.0110245
