Var1_1,Var1_2
0.0123548,0.0072582
