Var1_1,Var1_2
0.0134075,0.0105355
