Var1_1,Var1_2
0.0127873,0.0119791
