Var1_1,Var1_2
0.0147983,0.0115191
