Var1_1,Var1_2
0.0123417,0.0145045
