Var1_1,Var1_2
0.012565,0.0100297
