Var1_1,Var1_2
0.0114315,0.013639
