Var1_1,Var1_2
0.0141166,0.0108556
