Var1_1,Var1_2
0.0130709,0.0132365
