Var1_1,Var1_2
0.0122988,0.0104318
