Var1_1,Var1_2
0.0131737,0.0138729
