Var1_1,Var1_2
0.0143879,0.0102106
