Var1_1,Var1_2
0.013288,0.0051934
