Var1_1,Var1_2
0.0100259,0.0079406
