Var1_1,Var1_2
0.0124012,0.0143721
