Var1_1,Var1_2
0.0083252,0.0056235
