Var1_1,Var1_2
0.015428,0.0095803
