Var1_1,Var1_2
0.0144366,0.0120499
