Var1_1,Var1_2
0.0117001,0.0115195
