Var1_1,Var1_2
0.0148923,0.0143865
