Var1_1,Var1_2
0.0128462,0.0124721
