Var1_1,Var1_2
0.0131246,0.0135509
