Var1_1,Var1_2
0.0158233,0.0133712
