Var1_1,Var1_2
0.0082279,0.0063845
