Var1_1,Var1_2
0.0082946,0.0061092
