Var1_1,Var1_2
0.0119416,0.0112692
