Var1_1,Var1_2
0.0123964,0.0107842
