Var1_1,Var1_2
0.0121613,0.0071623
