Var1_1,Var1_2
0.0153155,0.0090428
