Var1_1,Var1_2
0.0132932,0.0106238
