Var1_1,Var1_2
0.0136766,0.0109556
