Var1_1,Var1_2
0.0148174,0.0087106
