Var1_1,Var1_2
0.0146992,0.0118581
