Var1_1,Var1_2
0.0091615,0.0060169
