Var1_1,Var1_2
0.0111451,0.0059025
