Var1_1,Var1_2
0.0090622,0.0121927
