Var1_1,Var1_2
0.0118862,0.0073273
