Var1_1,Var1_2
0.0078923,0.0077308
