Var1_1,Var1_2
0.0126195,0.0092983
