Var1_1,Var1_2
0.0140823,0.0107542
