Var1_1,Var1_2
0.00973,0.0069257
