Var1_1,Var1_2
0.0123896,0.0136177
