Var1_1,Var1_2
0.0076724,0.0057893
