Var1_1,Var1_2
0.0097531,0.0055748
