Var1_1,Var1_2
0.0093507,0.0058266
