Var1_1,Var1_2
0.0074533,0.0074658
