Var1_1,Var1_2
0.0104031,0.0055066
