Var1_1,Var1_2
0.0087732,0.0086272
