Var1_1,Var1_2
0.0092978,0.005422
