Var1_1,Var1_2
0.0098887,0.0070971
