Var1_1,Var1_2
0.0129293,0.0098177
