Var1_1,Var1_2
0.0254901,0.0245619
