Var1_1,Var1_2
0.008595,0.0083702
