Var1_1,Var1_2
0.0082233,0.0048886
