Var1_1,Var1_2
0.0091373,0.0066441
