Var1_1,Var1_2
0.0078244,0.0065176
