Var1_1,Var1_2
0.0084138,0.0051453
