Var1_1,Var1_2
0.0091585,0.0072586
