Var1_1,Var1_2
0.0211346,0.0210694
