Var1_1,Var1_2
0.0105242,0.006717
