Var1_1,Var1_2
0.0078419,0.0074229
