Var1_1,Var1_2
0.0096801,0.0064533
