Var1_1,Var1_2
0.0091662,0.005308
