Var1_1,Var1_2
0.0107762,0.0050492
