Var1_1,Var1_2
0.0085859,0.008257
