Var1_1,Var1_2
0.0087588,0.0064174
