Var1_1,Var1_2
0.0087865,0.0060858
