Var1_1,Var1_2
0.0075119,0.0053601
