Var1_1,Var1_2
0.0089748,0.0067774
