Var1_1,Var1_2
0.0082385,0.0053997
