Var1_1,Var1_2
0.0102093,0.0049712
