Var1_1,Var1_2
0.006107,0.0037804
