Var1_1,Var1_2
0.0194838,0.0176975
