Var1_1,Var1_2
0.0189922,0.017495
