Var1_1,Var1_2
0.0172917,0.0144901
