Var1_1,Var1_2
0.0197691,0.0171035
