Var1_1,Var1_2
0.0189126,0.016613
