Var1_1,Var1_2
0.0638687,0.0341075
