Var1_1,Var1_2
0.9057258,0.2790186
