Var1_1,Var1_2
0.1140623,0.0444018
