Var1_1,Var1_2
0.006003,0.0036322
