Var1_1,Var1_2
0.021141,0.0190751
