Var1_1,Var1_2
0.021574,0.0159389
