Var1_1,Var1_2
0.0170357,0.0136461
