Var1_1,Var1_2
0.0182023,0.0153733
