Var1_1,Var1_2
0.0185781,0.0163998
