Var1_1,Var1_2
0.0175258,0.014933
