Var1_1,Var1_2
0.0216326,0.0195894
