Var1_1,Var1_2
0.0182411,0.0122265
