Var1_1,Var1_2
0.0171117,0.0142172
