Var1_1,Var1_2
0.0251695,0.0235163
