Var1_1,Var1_2
0.0171512,0.0141297
