Var1_1,Var1_2
0.0190874,0.0212272
