Var1_1,Var1_2
0.0184388,0.0161478
