Var1_1,Var1_2
0.0178525,0.0164724
