Var1_1,Var1_2
0.0172519,0.0135177
