Var1_1,Var1_2
0.0172151,0.0173993
