Var1_1,Var1_2
0.0177929,0.0149702
