Var1_1,Var1_2
0.016884,0.0136968
