Var1_1,Var1_2
0.0168195,0.013338
