Var1_1,Var1_2
0.0170798,0.0135452
