Var1_1,Var1_2
0.0176204,0.0145427
