Var1_1,Var1_2
0.0170146,0.014822
