Var1_1,Var1_2
0.0231311,0.0231835
