Var1_1,Var1_2
0.0166125,0.0134087
