Var1_1,Var1_2
0.0176888,0.0141058
