Var1_1,Var1_2
0.0167888,0.0136461
