Var1_1,Var1_2
0.0172186,0.0139186
