Var1_1,Var1_2
0.0169416,0.0141786
