Var1_1,Var1_2
0.0164305,0.0137452
