Var1_1,Var1_2
0.0170335,0.0143407
