Var1_1,Var1_2
0.0208567,0.0145204
