Var1_1,Var1_2
0.017288,0.0144468
