Var1_1,Var1_2
0.0169594,0.0148173
