Var1_1,Var1_2
0.0165467,0.0135934
