Var1_1,Var1_2
0.0167851,0.0140772
