Var1_1,Var1_2
0.0181189,0.0153981
