Var1_1,Var1_2
0.0163748,0.0136189
