Var1_1,Var1_2
0.0169043,0.0132561
