Var1_1,Var1_2
0.0167546,0.0132978
