Var1_1,Var1_2
0.0180775,0.015753
