Var1_1,Var1_2
0.0170682,0.0144012
