Var1_1,Var1_2
0.0175626,0.0142578
