Var1_1,Var1_2
0.0174545,0.0139506
