Var1_1,Var1_2
0.0173329,0.0141041
