Var1_1,Var1_2
0.0193318,0.0160188
