Var1_1,Var1_2
0.0189246,0.0138538
