Var1_1,Var1_2
0.0166272,0.0141143
