Var1_1,Var1_2
0.0171956,0.0132806
