Var1_1,Var1_2
0.0347366,0.0190589
