Var1_1,Var1_2
0.0173603,0.013812
