Var1_1,Var1_2
0.0173358,0.014521
