Var1_1,Var1_2
0.0167798,0.0141495
