Var1_1,Var1_2
0.0173563,0.0144484
