Var1_1,Var1_2
0.0172764,0.0141106
