Var1_1,Var1_2
0.0216498,0.0179897
