Var1_1,Var1_2
0.0173348,0.0137002
