Var1_1,Var1_2
0.0222277,0.0225887
