Var1_1,Var1_2
0.0176626,0.0150754
