Var1_1,Var1_2
0.0166754,0.0136173
