Var1_1,Var1_2
0.0191995,0.0155601
