Var1_1,Var1_2
0.0175502,0.0145287
