Var1_1,Var1_2
0.0176725,0.015766
