Var1_1,Var1_2
0.0174547,0.0138155
