Var1_1,Var1_2
0.017393,0.0135682
