Var1_1,Var1_2
0.0169232,0.0136474
