Var1_1,Var1_2
0.0174124,0.0150452
