Var1_1,Var1_2
0.0176125,0.0146884
