Var1_1,Var1_2
0.0259377,0.0144623
