Var1_1,Var1_2
0.0177955,0.0145408
