Var1_1,Var1_2
0.0219048,0.0188929
