Var1_1,Var1_2
0.0175615,0.0145465
