Var1_1,Var1_2
0.017666,0.0156311
