Var1_1,Var1_2
0.0171344,0.0140294
