Var1_1,Var1_2
0.0169482,0.0139504
