Var1_1,Var1_2
0.0168722,0.0147585
