Var1_1,Var1_2
0.0167757,0.0137118
