Var1_1,Var1_2
0.0173082,0.0146156
