Var1_1,Var1_2
0.0173626,0.0143662
