Var1_1,Var1_2
0.0169542,0.014447
