Var1_1,Var1_2
0.0167976,0.0142162
