Var1_1,Var1_2
0.0168346,0.0142492
