Var1_1,Var1_2
0.0171296,0.0144106
