Var1_1,Var1_2
0.0171855,0.0138145
