Var1_1,Var1_2
0.0174004,0.0137419
