Var1_1,Var1_2
0.0171661,0.0142227
