Var1_1,Var1_2
0.0170966,0.0138561
