Var1_1,Var1_2
0.0171434,0.0139328
