Var1_1,Var1_2
0.0168968,0.0145165
