Var1_1,Var1_2
0.0171645,0.0141435
