Var1_1,Var1_2
0.0175832,0.0147286
