Var1_1,Var1_2
0.0169901,0.0135061
