Var1_1,Var1_2
0.0169493,0.0143074
