Var1_1,Var1_2
0.0171616,0.0138812
