Var1_1,Var1_2
0.0172915,0.0142473
