Var1_1,Var1_2
0.017563,0.0138901
