Var1_1,Var1_2
0.0168909,0.0141322
