Var1_1,Var1_2
0.0061129,0.0038384
