Var1_1,Var1_2
0.0067299,0.0036043
