Var1_1,Var1_2
0.0060145,0.0035085
