Var1_1,Var1_2
0.0060647,0.0041448
