Var1_1,Var1_2
0.0059213,0.00508
