Var1_1,Var1_2
0.0059557,0.0037047
