Var1_1,Var1_2
0.0057882,0.0034892
