Var1_1,Var1_2
0.0062881,0.0038183
