Var1_1,Var1_2
0.0059607,0.0035409
