Var1_1,Var1_2
0.0060471,0.0036433
