Var1_1,Var1_2
0.005999,0.0035927
