Var1_1,Var1_2
0.006017,0.0036767
