Var1_1,Var1_2
0.0060883,0.0035931
