Var1_1,Var1_2
0.0063323,0.0034929
