Var1_1,Var1_2
0.0060546,0.0037326
