Var1_1,Var1_2
0.0061673,0.0037581
