Var1_1,Var1_2
0.006824,0.0039815
