Var1_1,Var1_2
0.0181627,0.0138337
