Var1_1,Var1_2
0.0194345,0.0233417
