Var1_1,Var1_2
0.0277447,0.0133358
