Var1_1,Var1_2
0.0171921,0.0137549
