Var1_1,Var1_2
0.0206029,0.0169767
