Var1_1,Var1_2
0.0171338,0.0101315
