Var1_1,Var1_2
0.028264,0.0150295
