Var1_1,Var1_2
0.017186,0.0140364
