Var1_1,Var1_2
0.016331,0.0134913
