Var1_1,Var1_2
0.018702,0.0138491
