Var1_1,Var1_2
0.0172091,0.0141626
