Var1_1,Var1_2
0.0166449,0.0137609
