Var1_1,Var1_2
0.0165377,0.0140508
