Var1_1,Var1_2
0.0165827,0.0134585
