Var1_1,Var1_2
0.0171324,0.0143568
