Var1_1,Var1_2
0.017126,0.0140707
