Var1_1,Var1_2
0.0173556,0.0146906
