Var1_1,Var1_2
0.0170935,0.0141559
