Var1_1,Var1_2
0.0169948,0.0138504
