Var1_1,Var1_2
0.0177575,0.015816
