Var1_1,Var1_2
0.0171325,0.0144549
