Var1_1,Var1_2
0.0164109,0.0134504
