Var1_1,Var1_2
0.0187663,0.0149115
