Var1_1,Var1_2
0.0172367,0.0152414
