Var1_1,Var1_2
0.0169593,0.0147246
