Var1_1,Var1_2
0.0166646,0.0140428
