Var1_1,Var1_2
0.0175166,0.0160213
