Var1_1,Var1_2
0.0176003,0.0178679
