Var1_1,Var1_2
0.0173151,0.0145339
