Var1_1,Var1_2
0.0177172,0.014791
