Var1_1,Var1_2
0.0185137,0.0163157
