Var1_1,Var1_2
0.0178657,0.0153971
