Var1_1,Var1_2
0.0170271,0.0136115
