Var1_1,Var1_2
0.0170848,0.0142885
