Var1_1,Var1_2
0.0167059,0.0136071
