Var1_1,Var1_2
0.016377,0.0141511
