Var1_1,Var1_2
0.0166772,0.0137977
