Var1_1,Var1_2
0.0179568,0.0147487
