Var1_1,Var1_2
0.0188712,0.0165602
