Var1_1,Var1_2
0.0166522,0.0136985
