Var1_1,Var1_2
0.0174939,0.0142072
