Var1_1,Var1_2
0.0173319,0.0153059
