Var1_1,Var1_2
0.0185573,0.0162305
