Var1_1,Var1_2
0.0065269,0.0039561
