Var1_1,Var1_2
0.0089388,0.0047058
