Var1_1,Var1_2
0.0175621,0.017606
