Var1_1,Var1_2
0.0084249,0.0044192
