Var1_1,Var1_2
0.0164985,0.0137247
