Var1_1,Var1_2
0.0061132,0.0037758
