Var1_1,Var1_2
0.0087142,0.004439
