Var1_1,Var1_2
0.0246143,0.0203515
