Var1_1,Var1_2
0.0076499,0.0045919
