Var1_1,Var1_2
0.0084856,0.0041552
