Var1_1,Var1_2
0.0121878,0.0054978
