Var1_1,Var1_2
0.0078311,0.004357
