Var1_1,Var1_2
0.0119675,0.0059652
