Var1_1,Var1_2
0.0085805,0.0049882
