Var1_1,Var1_2
0.0104412,0.0064716
