Var1_1,Var1_2
0.006864,0.004726
