Var1_1,Var1_2
0.0111589,0.0088021
