Var1_1,Var1_2
0.0088547,0.0024984
