Var1_1,Var1_2
0.0124133,0.004781
