Var1_1,Var1_2
0.010909,0.005661
