Var1_1,Var1_2
0.0096155,0.0050447
