Var1_1,Var1_2
0.0094392,0.0075135
