Var1_1,Var1_2
0.0107386,0.0056772
