Var1_1,Var1_2
0.0102995,0.0058824
