Var1_1,Var1_2
0.0069562,0.0021816
