Var1_1,Var1_2
0.0099055,0.0061144
