Var1_1,Var1_2
0.0100357,0.006005
