Var1_1,Var1_2
0.014301,0.0101502
