Var1_1,Var1_2
0.0090793,0.0049421
