Var1_1,Var1_2
0.0104294,0.0074131
