Var1_1,Var1_2
0.0089459,0.0021698
