Var1_1,Var1_2
0.0124096,0.0062346
