Var1_1,Var1_2
0.0088419,0.0080025
