Var1_1,Var1_2
0.0116376,0.0068656
