Var1_1,Var1_2
0.0109039,0.0056667
