Var1_1,Var1_2
0.0096752,0.0054862
