Var1_1,Var1_2
0.0104211,0.0107157
