Var1_1,Var1_2
0.0090683,0.006126
