Var1_1,Var1_2
0.0089834,0.0045565
