Var1_1,Var1_2
0.0089584,0.0050006
