Var1_1,Var1_2
0.0103773,0.0101337
