Var1_1,Var1_2
0.0122347,0.006623
