Var1_1,Var1_2
0.0119975,0.0059817
