Var1_1,Var1_2
0.0118926,0.0091222
