Var1_1,Var1_2
0.0084569,0.0057956
