Var1_1,Var1_2
0.0102472,0.0053713
