Var1_1,Var1_2
0.0120485,0.0084026
