Var1_1,Var1_2
0.0080785,0.0052102
