Var1_1,Var1_2
0.006088,0.0037245
