Var1_1,Var1_2
0.006204,0.0035857
