Var1_1,Var1_2
0.0060538,0.0038195
