Var1_1,Var1_2
0.0060656,0.0050891
