Var1_1,Var1_2
0.0062077,0.0044863
