Var1_1,Var1_2
0.0061204,0.0039114
