Var1_1,Var1_2
0.0077435,0.0046261
