Var1_1,Var1_2
0.0060784,0.0036974
