Var1_1,Var1_2
0.0063671,0.0040713
