Var1_1,Var1_2
0.0063819,0.0035691
