Var1_1,Var1_2
0.00592,0.0035506
