Var1_1,Var1_2
0.0092409,0.0044372
