Var1_1,Var1_2
0.0099005,0.0060218
