Var1_1,Var1_2
0.0089493,0.0079445
