Var1_1,Var1_2
0.0102182,0.0052135
