Var1_1,Var1_2
0.0102365,0.0045232
