Var1_1,Var1_2
0.0142995,0.0195327
