Var1_1,Var1_2
0.0080711,0.0060432
