Var1_1,Var1_2
0.0094692,0.0042517
