Var1_1,Var1_2
0.0116361,0.0059391
