Var1_1,Var1_2
0.0099309,0.0046122
