Var1_1,Var1_2
0.0103555,0.0075503
