Var1_1,Var1_2
0.0085488,0.0046417
