Var1_1,Var1_2
0.0098387,0.0061973
