Var1_1,Var1_2
0.0074872,0.0020979
