Var1_1,Var1_2
0.0090208,0.0057568
