Var1_1,Var1_2
0.0126648,0.0064991
