Var1_1,Var1_2
0.0090545,0.0046961
