Var1_1,Var1_2
0.0121939,0.0053133
