Var1_1,Var1_2
0.0081181,0.006706
