Var1_1,Var1_2
0.012071,0.0084277
