Var1_1,Var1_2
0.0094457,0.0053598
