Var1_1,Var1_2
0.011234,0.0066757
