Var1_1,Var1_2
0.0111226,0.007188
