Var1_1,Var1_2
0.0126512,0.0053582
