Var1_1,Var1_2
0.0092934,0.0043877
