Var1_1,Var1_2
0.0123762,0.0084802
