Var1_1,Var1_2
0.0093216,0.0071288
