Var1_1,Var1_2
0.0081677,0.0053224
