Var1_1,Var1_2
0.0079594,0.0062103
