Var1_1,Var1_2
0.0138079,0.0059135
