Var1_1,Var1_2
0.0090477,0.0049297
