Var1_1,Var1_2
0.0084887,0.0072791
