Var1_1,Var1_2
0.0109914,0.0079676
