Var1_1,Var1_2
0.0081496,0.0050265
