Var1_1,Var1_2
0.0081733,0.0053147
