Var1_1,Var1_2
0.0130166,0.0062049
