Var1_1,Var1_2
0.0085341,0.005577
