Var1_1,Var1_2
0.0090347,0.0055786
