Var1_1,Var1_2
0.009154,0.0045714
