Var1_1,Var1_2
0.0084903,0.0048163
