Var1_1,Var1_2
0.0126012,0.0082738
