Var1_1,Var1_2
0.0082564,0.0082043
