Var1_1,Var1_2
0.0092224,0.0054253
