Var1_1,Var1_2
0.0065457,0.0049685
