Var1_1,Var1_2
0.0118795,0.0051223
