Var1_1,Var1_2
0.0087333,0.0073834
