Var1_1,Var1_2
0.0104063,0.0102278
