Var1_1,Var1_2
0.0116432,0.0052416
