Var1_1,Var1_2
0.0078017,0.0067663
