Var1_1,Var1_2
0.0150432,0.0095331
