Var1_1,Var1_2
0.0098835,0.0054741
