Var1_1,Var1_2
0.0082507,0.0048409
