Var1_1,Var1_2
0.0143329,0.0070577
