Var1_1,Var1_2
0.0074903,0.0060553
