Var1_1,Var1_2
0.0095989,0.0063156
