Var1_1,Var1_2
0.0086673,0.0045825
