Var1_1,Var1_2
0.0099442,0.0059029
