Var1_1,Var1_2
0.0124062,0.0065126
