Var1_1,Var1_2
0.0083821,0.0048398
