Var1_1,Var1_2
0.0095009,0.0060904
