Var1_1,Var1_2
0.0079621,0.0082612
