Var1_1,Var1_2
0.0089524,0.0044891
