Var1_1,Var1_2
0.0090703,0.0082816
