Var1_1,Var1_2
0.0122045,0.0086974
