Var1_1,Var1_2
0.0107005,0.0069478
