Var1_1,Var1_2
0.0108389,0.0058325
