Var1_1,Var1_2
0.0080164,0.0074845
