Var1_1,Var1_2
0.0122963,0.0057758
