Var1_1,Var1_2
0.0084908,0.0053739
