Var1_1,Var1_2
0.0086228,0.0047678
