Var1_1,Var1_2
0.0090354,0.0075959
