Var1_1,Var1_2
0.0129763,0.0067308
