Var1_1,Var1_2
0.0088259,0.0056802
