Var1_1,Var1_2
0.0090984,0.0063213
