Var1_1,Var1_2
0.0079342,0.0066298
