Var1_1,Var1_2
0.0086514,0.0074948
