Var1_1,Var1_2
0.0109285,0.0057958
