Var1_1,Var1_2
0.0088191,0.0053609
