Var1_1,Var1_2
0.0107535,0.0085563
