Var1_1,Var1_2
0.0121855,0.0065352
