Var1_1,Var1_2
0.0113349,0.0075082
