Var1_1,Var1_2
0.0120784,0.0106529
