Var1_1,Var1_2
0.0089549,0.007404
