Var1_1,Var1_2
0.0122868,0.0087448
