Var1_1,Var1_2
0.0152505,0.0091308
