Var1_1,Var1_2
0.0106392,0.007156
