Var1_1,Var1_2
0.0070767,0.0043918
