Var1_1,Var1_2
0.0062369,0.0036346
