Var1_1,Var1_2
0.0059756,0.0036448
