Var1_1,Var1_2
0.005814,0.0040206
