Var1_1,Var1_2
0.0060696,0.0037433
