Var1_1,Var1_2
0.0153426,0.0100499
