Var1_1,Var1_2
0.0082467,0.0055505
