Var1_1,Var1_2
0.0098902,0.0069684
