Var1_1,Var1_2
0.0132975,0.0102081
