Var1_1,Var1_2
0.007708,0.0050058
