Var1_1,Var1_2
0.0096744,0.0052672
