Var1_1,Var1_2
0.0093682,0.0050077
