Var1_1,Var1_2
0.0120041,0.0077797
