Var1_1,Var1_2
0.0110276,0.0098056
