Var1_1,Var1_2
0.0090091,0.0072107
