Var1_1,Var1_2
0.0132001,0.0079487
