Var1_1,Var1_2
0.0084132,0.0055366
