Var1_1,Var1_2
0.0107193,0.0058202
