Var1_1,Var1_2
0.0115175,0.0083417
