Var1_1,Var1_2
0.0090631,0.0069838
