Var1_1,Var1_2
0.0110973,0.0098169
