Var1_1,Var1_2
0.013105,0.0078429
