Var1_1,Var1_2
0.009145,0.0048774
