Var1_1,Var1_2
0.0152611,0.0117511
