Var1_1,Var1_2
0.015529,0.0072375
