Var1_1,Var1_2
0.010474,0.0061149
