Var1_1,Var1_2
0.0084443,0.0069313
