Var1_1,Var1_2
0.0105839,0.0064723
