Var1_1,Var1_2
0.0129302,0.0071068
