Var1_1,Var1_2
0.0073858,0.0066572
