Var1_1,Var1_2
0.0084735,0.0051722
