Var1_1,Var1_2
0.0116944,0.009852
