Var1_1,Var1_2
0.0089897,0.0075818
