Var1_1,Var1_2
0.0076245,0.0050233
