Var1_1,Var1_2
0.0097636,0.0054326
