Var1_1,Var1_2
0.0085438,0.0048682
