Var1_1,Var1_2
0.0085838,0.006279
