Var1_1,Var1_2
0.0075482,0.0042807
