Var1_1,Var1_2
0.0122426,0.0078512
