Var1_1,Var1_2
0.0112516,0.0073003
