Var1_1,Var1_2
0.0114127,0.0071351
