Var1_1,Var1_2
0.0082747,0.0065363
