Var1_1,Var1_2
0.008086,0.0050971
