Var1_1,Var1_2
0.0103203,0.0101112
