Var1_1,Var1_2
0.0125324,0.0079715
