Var1_1,Var1_2
0.0110983,0.0096892
