Var1_1,Var1_2
0.0098109,0.0059401
