Var1_1,Var1_2
0.008234,0.008219
