Var1_1,Var1_2
0.0088669,0.0086534
