Var1_1,Var1_2
0.0080094,0.0052489
