Var1_1,Var1_2
0.0132162,0.0062757
