Var1_1,Var1_2
0.0115964,0.0092581
