Var1_1,Var1_2
0.0109173,0.0057354
