Var1_1,Var1_2
0.0171684,0.0133661
