Var1_1,Var1_2
0.009291,0.0053349
