Var1_1,Var1_2
0.0223741,0.0223114
