Var1_1,Var1_2
0.0064846,0.0042368
