Var1_1,Var1_2
0.0151188,0.0127691
