Var1_1,Var1_2
0.0167509,0.0137268
