Var1_1,Var1_2
0.0167753,0.0128407
