Var1_1,Var1_2
0.016041,0.0140302
