Var1_1,Var1_2
0.0154992,0.013443
