Var1_1,Var1_2
0.0159395,0.0131663
