Var1_1,Var1_2
0.0163167,0.0131923
