Var1_1,Var1_2
0.0174323,0.0131423
