Var1_1,Var1_2
0.0237765,0.0146591
