Var1_1,Var1_2
0.0192316,0.0158463
