Var1_1,Var1_2
0.0150011,0.0132011
