Var1_1,Var1_2
0.0165019,0.0136746
