Var1_1,Var1_2
0.0161522,0.0153457
