Var1_1,Var1_2
0.0159321,0.0131518
