Var1_1,Var1_2
0.0164015,0.0129133
