Var1_1,Var1_2
0.0196649,0.0220883
