Var1_1,Var1_2
0.0163169,0.0131913
