Var1_1,Var1_2
0.0158791,0.0126609
