Var1_1,Var1_2
0.0158662,0.012474
