Var1_1,Var1_2
0.0156504,0.0127746
