Var1_1,Var1_2
0.015195,0.0148153
