Var1_1,Var1_2
0.0156578,0.0122181
