Var1_1,Var1_2
0.016039,0.0132664
