Var1_1,Var1_2
0.0157508,0.0129751
