Var1_1,Var1_2
0.016741,0.0148694
