Var1_1,Var1_2
0.0154803,0.0129187
