Var1_1,Var1_2
0.0171291,0.015101
