Var1_1,Var1_2
0.0153067,0.0130731
