Var1_1,Var1_2
0.015699,0.0131574
