Var1_1,Var1_2
0.015764,0.0130039
