Var1_1,Var1_2
0.0157727,0.0121791
