Var1_1,Var1_2
0.0160584,0.0143098
