Var1_1,Var1_2
0.0161877,0.0128546
