Var1_1,Var1_2
0.0158079,0.0128633
