Var1_1,Var1_2
0.0155901,0.0127884
