Var1_1,Var1_2
0.0150006,0.01324
