Var1_1,Var1_2
0.0175321,0.0151228
