Var1_1,Var1_2
0.0158888,0.0127145
