Var1_1,Var1_2
0.0168918,0.0137413
