Var1_1,Var1_2
0.0158067,0.0127209
