Var1_1,Var1_2
0.016299,0.0144438
