Var1_1,Var1_2
0.0157219,0.0131721
