Var1_1,Var1_2
0.0155754,0.0123328
