Var1_1,Var1_2
0.0159319,0.0126527
