Var1_1,Var1_2
0.01575,0.0128515
