Var1_1,Var1_2
0.0158288,0.0139699
