Var1_1,Var1_2
0.0161109,0.0129523
