Var1_1,Var1_2
0.0161548,0.0125854
