Var1_1,Var1_2
0.0063091,0.0036129
