Var1_1,Var1_2
0.0059521,0.0035925
