Var1_1,Var1_2
0.0064009,0.0038723
