Var1_1,Var1_2
0.0058232,0.0034662
