Var1_1,Var1_2
0.0058127,0.0037072
