Var1_1,Var1_2
0.0060399,0.0035896
