Var1_1,Var1_2
0.0059875,0.0037437
