Var1_1,Var1_2
0.0060771,0.0035974
