Var1_1,Var1_2
0.0062007,0.0038913
