Var1_1,Var1_2
0.0152148,0.0132307
