Var1_1,Var1_2
0.0157626,0.0128309
