Var1_1,Var1_2
0.0155149,0.0127369
