Var1_1,Var1_2
0.015766,0.0128993
