Var1_1,Var1_2
0.0175616,0.0151199
