Var1_1,Var1_2
0.0174969,0.0151302
