Var1_1,Var1_2
0.01542,0.0129317
