Var1_1,Var1_2
0.0147268,0.0131262
