Var1_1,Var1_2
0.0159803,0.0125397
