Var1_1,Var1_2
0.0157822,0.0140454
