Var1_1,Var1_2
0.0250598,0.0271453
