Var1_1,Var1_2
0.0157239,0.0130246
