Var1_1,Var1_2
0.0156883,0.0127434
