Var1_1,Var1_2
0.0171736,0.0153548
