Var1_1,Var1_2
0.016226,0.0126899
