Var1_1,Var1_2
0.0161983,0.0131287
