Var1_1,Var1_2
0.0151089,0.0122547
