Var1_1,Var1_2
0.0156274,0.0127814
