Var1_1,Var1_2
0.0169975,0.0145425
