Var1_1,Var1_2
0.0160442,0.0126697
