Var1_1,Var1_2
0.0199793,0.020273
