Var1_1,Var1_2
0.0164179,0.0125489
