Var1_1,Var1_2
0.0162855,0.0150569
