Var1_1,Var1_2
0.0152924,0.0129559
