Var1_1,Var1_2
0.0155971,0.0131351
