Var1_1,Var1_2
0.0157033,0.0130163
