Var1_1,Var1_2
0.0159296,0.0138718
