Var1_1,Var1_2
0.0177801,0.014538
