Var1_1,Var1_2
0.0165383,0.0132375
