Var1_1,Var1_2
0.0164979,0.0141637
