Var1_1,Var1_2
0.0214434,0.0158866
