Var1_1,Var1_2
0.0189308,0.0126563
