Var1_1,Var1_2
0.0166676,0.0138704
