Var1_1,Var1_2
0.016535,0.0130723
