Var1_1,Var1_2
0.0161137,0.0129738
