Var1_1,Var1_2
0.0190124,0.0170739
