Var1_1,Var1_2
0.0156281,0.0129263
