Var1_1,Var1_2
0.0160066,0.0132825
