Var1_1,Var1_2
0.0161733,0.0124789
