Var1_1,Var1_2
0.0157826,0.0129045
