Var1_1,Var1_2
0.0160643,0.0129107
