Var1_1,Var1_2
0.0161129,0.0131801
