Var1_1,Var1_2
0.0170184,0.0148716
