Var1_1,Var1_2
0.0189204,0.0164804
