Var1_1,Var1_2
0.0163402,0.0131125
