Var1_1,Var1_2
0.0162364,0.0153715
