Var1_1,Var1_2
0.0164847,0.0125083
