Var1_1,Var1_2
0.0168836,0.013123
