Var1_1,Var1_2
0.0159197,0.013608
