Var1_1,Var1_2
0.0158879,0.0145471
