Var1_1,Var1_2
0.0161305,0.0132909
