Var1_1,Var1_2
0.0161925,0.0126667
