Var1_1,Var1_2
0.0195228,0.0169548
