Var1_1,Var1_2
0.0187801,0.0240766
