Var1_1,Var1_2
0.0167324,0.0143527
