Var1_1,Var1_2
0.017562,0.0152346
