Var1_1,Var1_2
0.016788,0.0137262
