Var1_1,Var1_2
0.0080968,0.0042291
