Var1_1,Var1_2
0.0156539,0.0097121
