Var1_1,Var1_2
0.0176793,0.0143168
