Var1_1,Var1_2
0.0059734,0.0036382
