Var1_1,Var1_2
0.0178631,0.0151177
