Var1_1,Var1_2
0.023712,0.0209013
