Var1_1,Var1_2
0.0164789,0.0067781
