Var1_1,Var1_2
0.0165737,0.0134682
