Var1_1,Var1_2
0.0163524,0.0141745
