Var1_1,Var1_2
0.0172027,0.0138495
