Var1_1,Var1_2
0.0185918,0.0145877
