Var1_1,Var1_2
0.0160833,0.0153319
