Var1_1,Var1_2
0.0188325,0.0150709
