Var1_1,Var1_2
0.0168665,0.0142195
