Var1_1,Var1_2
0.0166468,0.0136498
