Var1_1,Var1_2
0.0177173,0.0151659
