Var1_1,Var1_2
0.0175079,0.0148107
