Var1_1,Var1_2
0.0187447,0.0152378
