Var1_1,Var1_2
0.0164236,0.0139995
