Var1_1,Var1_2
0.017223,0.0138404
