Var1_1,Var1_2
0.0170059,0.0135232
