Var1_1,Var1_2
0.0180158,0.0160672
