Var1_1,Var1_2
0.0168198,0.0132927
