Var1_1,Var1_2
0.0219394,0.0171451
