Var1_1,Var1_2
0.0238912,0.0157926
