Var1_1,Var1_2
0.0167407,0.0138362
