Var1_1,Var1_2
0.0168122,0.0142073
