Var1_1,Var1_2
0.017736,0.0150659
