Var1_1,Var1_2
0.018166,0.0148009
