Var1_1,Var1_2
0.0206084,0.0177655
