Var1_1,Var1_2
0.0173944,0.0145624
