Var1_1,Var1_2
0.0167436,0.0136738
