Var1_1,Var1_2
0.0169625,0.0134707
