Var1_1,Var1_2
0.0232856,0.0100019
