Var1_1,Var1_2
0.0242402,0.01161
