Var1_1,Var1_2
0.0696186,0.0281191
