Var1_1,Var1_2
0.0208831,0.0116725
