Var1_1,Var1_2
0.2585698,0.0715802
