Var1_1,Var1_2
0.0401597,0.0205702
