Var1_1,Var1_2
0.116786,0.0399935
