Var1_1,Var1_2
0.0244662,0.0114462
