Var1_1,Var1_2
0.0183375,0.0100408
