Var1_1,Var1_2
0.021801,0.0105605
