Var1_1,Var1_2
0.0080747,0.0032928
