Var1_1,Var1_2
0.0194753,0.0105007
