Var1_1,Var1_2
0.0188896,0.010812
