Var1_1,Var1_2
0.0181648,0.0095309
