Var1_1,Var1_2
0.0180138,0.0102607
