Var1_1,Var1_2
0.0193499,0.010415
