Var1_1,Var1_2
0.0195804,0.0108097
