Var1_1,Var1_2
0.0194935,0.0104724
