Var1_1,Var1_2
0.0193698,0.0105623
