Var1_1,Var1_2
0.0176402,0.0094635
