Var1_1,Var1_2
0.0173038,0.0093848
