Var1_1,Var1_2
0.0195641,0.0109229
