Var1_1,Var1_2
0.018032,0.0095385
