Var1_1,Var1_2
0.0197668,0.0109889
