Var1_1,Var1_2
0.0196312,0.0110638
