Var1_1,Var1_2
0.0222696,0.0119691
