Var1_1,Var1_2
0.0226464,0.0118907
