Var1_1,Var1_2
0.0196533,0.010722
