Var1_1,Var1_2
0.0207895,0.0114368
