Var1_1,Var1_2
0.019626,0.0110973
