Var1_1,Var1_2
0.0190727,0.0106065
