Var1_1,Var1_2
0.0175839,0.0095732
