Var1_1,Var1_2
0.0179329,0.0097876
