Var1_1,Var1_2
0.0191609,0.010591
