Var1_1,Var1_2
0.019257,0.0104858
