Var1_1,Var1_2
0.0194268,0.0105361
