Var1_1,Var1_2
0.0182068,0.0096419
