Var1_1,Var1_2
0.0191987,0.0102795
