Var1_1,Var1_2
0.0198196,0.0108895
