Var1_1,Var1_2
0.0210898,0.0109357
