Var1_1,Var1_2
0.0082908,0.003113
