Var1_1,Var1_2
0.0201644,0.0114189
