Var1_1,Var1_2
0.0066929,0.0025415
