Var1_1,Var1_2
0.0086822,0.0032853
