Var1_1,Var1_2
0.0063343,0.0026264
