Var1_1,Var1_2
0.0063647,0.0023808
