Var1_1,Var1_2
0.0063883,0.0023567
