Var1_1,Var1_2
0.0072492,0.002881
