Var1_1,Var1_2
0.0071272,0.0027089
