Var1_1,Var1_2
0.007524,0.0032385
