Var1_1,Var1_2
0.0064087,0.0023698
