Var1_1,Var1_2
0.0195029,0.0103334
