Var1_1,Var1_2
0.0201362,0.0115217
