Var1_1,Var1_2
0.0209418,0.0114861
