Var1_1,Var1_2
0.0083377,0.0030412
