Var1_1,Var1_2
0.022112,0.0113328
