Var1_1,Var1_2
0.0248338,0.0122246
