Var1_1,Var1_2
0.0194133,0.0105641
