Var1_1,Var1_2
0.0213129,0.0115001
