Var1_1,Var1_2
0.0207217,0.0116391
