Var1_1,Var1_2
0.0205923,0.0113738
