Var1_1,Var1_2
0.0196448,0.0107673
