Var1_1,Var1_2
0.0224484,0.0108583
