Var1_1,Var1_2
0.0192075,0.0103236
