Var1_1,Var1_2
0.0105545,0.0039722
