Var1_1,Var1_2
0.0198412,0.0109661
