Var1_1,Var1_2
0.0079395,0.0028957
