Var1_1,Var1_2
0.0202568,0.011208
