Var1_1,Var1_2
0.0187308,0.010531
