Var1_1,Var1_2
0.0195722,0.0110774
