Var1_1,Var1_2
0.0197909,0.0113451
