Var1_1,Var1_2
0.0104396,0.0052096
