Var1_1,Var1_2
0.0091217,0.0053771
