Var1_1,Var1_2
0.0094949,0.0035251
