Var1_1,Var1_2
0.0099777,0.006321
