Var1_1,Var1_2
0.0084705,0.0033213
