Var1_1,Var1_2
0.0086883,0.0037658
