Var1_1,Var1_2
0.0187242,0.0102675
