Var1_1,Var1_2
0.0182866,0.0101163
