Var1_1,Var1_2
0.0213904,0.0099186
