Var1_1,Var1_2
0.0186775,0.0099547
