Var1_1,Var1_2
0.0210629,0.0113161
