Var1_1,Var1_2
0.0205342,0.0120228
