Var1_1,Var1_2
0.0207022,0.0103021
