Var1_1,Var1_2
0.0215202,0.0113235
