Var1_1,Var1_2
0.0179502,0.0098824
