Var1_1,Var1_2
0.0085822,0.0034364
