Var1_1,Var1_2
0.0103995,0.0033701
