Var1_1,Var1_2
0.0086151,0.0042979
