Var1_1,Var1_2
0.0091921,0.0044553
