Var1_1,Var1_2
0.0098637,0.0053005
