Var1_1,Var1_2
0.0104675,0.0044266
