Var1_1,Var1_2
0.0096436,0.0041114
