Var1_1,Var1_2
0.0094653,0.0048292
