Var1_1,Var1_2
0.0182118,0.0062926
