Var1_1,Var1_2
0.0106284,0.0048121
