Var1_1,Var1_2
0.0104739,0.0043768
