Var1_1,Var1_2
0.011783,0.0047527
