Var1_1,Var1_2
0.0119744,0.0042339
