Var1_1,Var1_2
0.0087448,0.0039865
