Var1_1,Var1_2
0.009841,0.0057495
