Var1_1,Var1_2
0.01067,0.0066328
