Var1_1,Var1_2
0.0107701,0.0044518
