Var1_1,Var1_2
0.0111294,0.006809
