Var1_1,Var1_2
0.0114918,0.0051934
