Var1_1,Var1_2
0.014343,0.0054906
