Var1_1,Var1_2
0.0111527,0.0045402
