Var1_1,Var1_2
0.0103989,0.004969
