Var1_1,Var1_2
0.0105833,0.0063069
