Var1_1,Var1_2
0.011045,0.0042975
