Var1_1,Var1_2
0.0110658,0.0065879
