Var1_1,Var1_2
0.0105526,0.0058573
