Var1_1,Var1_2
0.0099778,0.0054873
