Var1_1,Var1_2
0.0100125,0.0050571
