Var1_1,Var1_2
0.0096747,0.0037238
