Var1_1,Var1_2
0.0102815,0.003547
