Var1_1,Var1_2
0.010366,0.006171
