Var1_1,Var1_2
0.0115657,0.0050635
