Var1_1,Var1_2
0.0107673,0.0037067
