Var1_1,Var1_2
0.0114198,0.0053428
