Var1_1,Var1_2
0.0102975,0.0057064
