Var1_1,Var1_2
0.0214197,0.011423
