Var1_1,Var1_2
0.0120967,0.0047157
