Var1_1,Var1_2
0.0196549,0.0121201
