Var1_1,Var1_2
0.0120793,0.0052391
