Var1_1,Var1_2
0.0219167,0.0119919
