Var1_1,Var1_2
0.0223863,0.0115178
