Var1_1,Var1_2
0.0073092,0.002819
