Var1_1,Var1_2
0.0075151,0.003469
