Var1_1,Var1_2
0.0078871,0.0030803
