Var1_1,Var1_2
0.0080349,0.0025457
