Var1_1,Var1_2
0.0077366,0.0030272
