Var1_1,Var1_2
0.0126605,0.0051835
