Var1_1,Var1_2
0.0099376,0.004869
