Var1_1,Var1_2
0.0081824,0.0033634
