Var1_1,Var1_2
0.0131029,0.0071274
