Var1_1,Var1_2
0.0105771,0.0060112
