Var1_1,Var1_2
0.0094094,0.0039904
