Var1_1,Var1_2
0.015736,0.0066305
