Var1_1,Var1_2
0.01046,0.005657
