Var1_1,Var1_2
0.0086163,0.0040407
