Var1_1,Var1_2
0.0112205,0.0051465
