Var1_1,Var1_2
0.0090425,0.0042477
