Var1_1,Var1_2
0.0116899,0.0062554
