Var1_1,Var1_2
0.0105251,0.0047876
