Var1_1,Var1_2
0.0104468,0.0043347
