Var1_1,Var1_2
0.0096941,0.0035161
