Var1_1,Var1_2
0.0198089,0.0108688
