Var1_1,Var1_2
0.0209122,0.0114922
