Var1_1,Var1_2
0.0202965,0.0106775
