Var1_1,Var1_2
0.0190534,0.0099394
