Var1_1,Var1_2
0.0197847,0.0104704
