Var1_1,Var1_2
0.0210021,0.0115959
