Var1_1,Var1_2
0.0201769,0.0113954
