Var1_1,Var1_2
0.020011,0.0113315
