Var1_1,Var1_2
0.0215502,0.011504
