Var1_1,Var1_2
0.0108114,0.0042204
