Var1_1,Var1_2
0.0109205,0.0040369
