Var1_1,Var1_2
0.0158944,0.0067109
