Var1_1,Var1_2
0.0153623,0.0075896
