Var1_1,Var1_2
0.011658,0.0056532
