Var1_1,Var1_2
0.0137195,0.0074695
