Var1_1,Var1_2
0.0102423,0.0034068
