Var1_1,Var1_2
0.0085804,0.0046347
