Var1_1,Var1_2
0.0190427,0.0085262
