Var1_1,Var1_2
0.0112414,0.0049276
