Var1_1,Var1_2
0.0123935,0.0063384
