Var1_1,Var1_2
0.0100747,0.0039414
