Var1_1,Var1_2
0.0095247,0.0053585
