Var1_1,Var1_2
0.0217663,0.0099492
