Var1_1,Var1_2
0.0115662,0.0034058
