Var1_1,Var1_2
0.0091748,0.0047755
