Var1_1,Var1_2
0.0205789,0.0085119
