Var1_1,Var1_2
0.0233078,0.0128597
