Var1_1,Var1_2
0.0099413,0.0045144
