Var1_1,Var1_2
0.0180458,0.0113424
