Var1_1,Var1_2
0.0141481,0.0062989
