Var1_1,Var1_2
0.0125029,0.0064671
