Var1_1,Var1_2
0.0087477,0.0040313
