Var1_1,Var1_2
0.0129661,0.0086658
