Var1_1,Var1_2
0.0185709,0.0108315
