Var1_1,Var1_2
0.0199684,0.0105335
