Var1_1,Var1_2
0.0215615,0.0128518
