Var1_1,Var1_2
0.0187053,0.0103225
