Var1_1,Var1_2
0.0206694,0.0100501
