Var1_1,Var1_2
0.0191487,0.0110239
