Var1_1,Var1_2
0.0199242,0.0126824
