Var1_1,Var1_2
0.0183625,0.0099061
