Var1_1,Var1_2
0.0191397,0.0103768
