Var1_1,Var1_2
0.0137948,0.0048906
