Var1_1,Var1_2
0.0118942,0.0069907
