Var1_1,Var1_2
0.0226262,0.0117308
