Var1_1,Var1_2
0.0220583,0.010206
