Var1_1,Var1_2
0.0159708,0.0056535
