Var1_1,Var1_2
0.0154394,0.0052896
