Var1_1,Var1_2
0.0132142,0.0102928
