Var1_1,Var1_2
0.0128307,0.0035999
