Var1_1,Var1_2
0.0136297,0.0069884
