Var1_1,Var1_2
0.0091523,0.0037873
