Var1_1,Var1_2
0.0150322,0.0071983
