Var1_1,Var1_2
0.0089368,0.0042922
