Var1_1,Var1_2
0.0089019,0.0039439
