Var1_1,Var1_2
0.0118791,0.0050846
