Var1_1,Var1_2
0.0132406,0.0074745
