Var1_1,Var1_2
0.0118233,0.0057248
