Var1_1,Var1_2
0.014729,0.006147
