Var1_1,Var1_2
0.0131751,0.0039309
