Var1_1,Var1_2
0.0147333,0.005601
