Var1_1,Var1_2
0.0144925,0.0064251
