Var1_1,Var1_2
0.0135629,0.0079027
