Var1_1,Var1_2
0.0113368,0.0047595
