Var1_1,Var1_2
0.014459,0.0087048
