Var1_1,Var1_2
0.0129445,0.0039459
