Var1_1,Var1_2
0.0127243,0.0056781
