Var1_1,Var1_2
0.0143586,0.0085145
