Var1_1,Var1_2
0.0142343,0.0048637
