Var1_1,Var1_2
0.0106549,0.0077182
