Var1_1,Var1_2
0.0195289,0.0107556
