Var1_1,Var1_2
0.0209954,0.0116259
