Var1_1,Var1_2
0.0200016,0.0103998
