Var1_1,Var1_2
0.0206048,0.011368
