Var1_1,Var1_2
0.0201814,0.0110893
