Var1_1,Var1_2
0.0196917,0.010363
