Var1_1,Var1_2
0.0206743,0.0106309
