Var1_1,Var1_2
0.0203312,0.0110399
