Var1_1,Var1_2
0.0121438,0.0046104
