Var1_1,Var1_2
0.0120617,0.0046723
