Var1_1,Var1_2
0.0138186,0.0053896
