Var1_1,Var1_2
0.0120402,0.0082791
