Var1_1,Var1_2
0.013106,0.0057264
