Var1_1,Var1_2
0.0130873,0.0074367
