Var1_1,Var1_2
0.0134341,0.0067885
