Var1_1,Var1_2
0.0117887,0.0056073
