Var1_1,Var1_2
0.0113323,0.0045879
