Var1_1,Var1_2
0.0093989,0.0039404
