Var1_1,Var1_2
0.0138116,0.0075212
