Var1_1,Var1_2
0.0122862,0.0058133
