Var1_1,Var1_2
0.0104639,0.0052528
