Var1_1,Var1_2
0.0122819,0.0069038
