Var1_1,Var1_2
0.0115094,0.0064939
