Var1_1,Var1_2
0.0124364,0.00794
