Var1_1,Var1_2
0.0134787,0.0090465
