Var1_1,Var1_2
0.0122036,0.0049339
