Var1_1,Var1_2
0.0146744,0.0080514
