Var1_1,Var1_2
0.013092,0.007041
