Var1_1,Var1_2
0.0097084,0.00405
