Var1_1,Var1_2
0.0116595,0.005427
