Var1_1,Var1_2
0.0168172,0.009533
