Var1_1,Var1_2
0.0090971,0.0056527
