Var1_1,Var1_2
0.0107892,0.007034
