Var1_1,Var1_2
0.0210514,0.0111863
