Var1_1,Var1_2
0.0126954,0.0075344
