Var1_1,Var1_2
0.0142936,0.0066231
