Var1_1,Var1_2
0.0183751,0.0086996
