Var1_1,Var1_2
0.0173906,0.0091682
