Var1_1,Var1_2
0.0182808,0.0097364
