Var1_1,Var1_2
0.0176489,0.0096625
