Var1_1,Var1_2
0.0193996,0.0105986
