Var1_1,Var1_2
0.017733,0.0102188
