Var1_1,Var1_2
0.0177843,0.0095916
