Var1_1,Var1_2
0.0173592,0.0096635
