Var1_1,Var1_2
0.0183231,0.009516
