Var1_1,Var1_2
0.0185665,0.0106778
