Var1_1,Var1_2
0.0187253,0.010478
