Var1_1,Var1_2
0.0181209,0.0104747
