Var1_1,Var1_2
0.0183958,0.0105119
