Var1_1,Var1_2
0.0192408,0.0106923
