Var1_1,Var1_2
0.0176405,0.0097098
