Var1_1,Var1_2
0.0185537,0.0099485
