Var1_1,Var1_2
0.0178689,0.0097826
