Var1_1,Var1_2
0.0185833,0.0105158
