Var1_1,Var1_2
0.0182086,0.0099628
