Var1_1,Var1_2
0.0174174,0.0096995
