Var1_1,Var1_2
0.0182763,0.0098078
