Var1_1,Var1_2
0.0183564,0.0099627
