Var1_1,Var1_2
0.0206936,0.0066534
