Var1_1,Var1_2
0.0217656,0.0111649
