Var1_1,Var1_2
0.0180779,0.0102755
