Var1_1,Var1_2
0.0150054,0.0079423
