Var1_1,Var1_2
0.0134623,0.0037795
