Var1_1,Var1_2
0.0219043,0.0108325
