Var1_1,Var1_2
0.013704,0.0050894
