Var1_1,Var1_2
0.0087144,0.0034982
