Var1_1,Var1_2
0.0136853,0.0057811
