Var1_1,Var1_2
0.0075468,0.0043784
