Var1_1,Var1_2
0.01104,0.0059952
