Var1_1,Var1_2
0.0137907,0.0070937
