Var1_1,Var1_2
0.0076988,0.0034856
