Var1_1,Var1_2
0.0134995,0.0041913
