Var1_1,Var1_2
0.009601,0.003383
