Var1_1,Var1_2
0.0078115,0.0079726
