Var1_1,Var1_2
0.0182292,0.010063
