Var1_1,Var1_2
0.0197197,0.0109364
