Var1_1,Var1_2
0.0194775,0.0101769
