Var1_1,Var1_2
0.0203794,0.0108835
