Var1_1,Var1_2
0.0192072,0.0099712
