Var1_1,Var1_2
0.0084836,0.0046808
