Var1_1,Var1_2
0.0110005,0.0064534
