Var1_1,Var1_2
0.0128356,0.0048962
