Var1_1,Var1_2
0.0128443,0.0064295
