Var1_1,Var1_2
0.0163208,0.0081877
