Var1_1,Var1_2
0.0141875,0.009169
