Var1_1,Var1_2
0.0131512,0.0058426
