Var1_1,Var1_2
0.0115499,0.0040348
