Var1_1,Var1_2
0.0125174,0.0078384
