Var1_1,Var1_2
0.0143404,0.0073801
