Var1_1,Var1_2
0.0134925,0.0071378
