Var1_1,Var1_2
0.013493,0.0082874
