Var1_1,Var1_2
0.0096612,0.0054519
