Var1_1,Var1_2
0.0163877,0.0071079
