Var1_1,Var1_2
0.0084807,0.0043938
