Var1_1,Var1_2
0.0112673,0.0066987
