Var1_1,Var1_2
0.0154353,0.0085684
