Var1_1,Var1_2
0.0139251,0.0066899
