Var1_1,Var1_2
0.0139335,0.0042951
