Var1_1,Var1_2
0.0127046,0.0087186
