Var1_1,Var1_2
0.0203544,0.0114671
