Var1_1,Var1_2
0.0206938,0.010714
