Var1_1,Var1_2
0.0197465,0.0106178
