Var1_1,Var1_2
0.0200049,0.0112245
