Var1_1,Var1_2
0.0193938,0.0109644
