Var1_1,Var1_2
0.01939,0.0106901
