Var1_1,Var1_2
0.0191433,0.0108089
