Var1_1,Var1_2
0.0214317,0.0120248
