Var1_1,Var1_2
0.0197572,0.0111519
