Var1_1,Var1_2
0.023578,0.01258
