Var1_1,Var1_2
0.0210662,0.011874
