Var1_1,Var1_2
0.02281,0.0115345
