Var1_1,Var1_2
0.019814,0.0100596
