Var1_1,Var1_2
0.020212,0.0112076
