Var1_1,Var1_2
0.0184176,0.0102186
