Var1_1,Var1_2
0.0199983,0.011833
