Var1_1,Var1_2
0.0198747,0.0112133
