Var1_1,Var1_2
0.0199017,0.0111588
