Var1_1,Var1_2
0.0188864,0.0101712
