Var1_1,Var1_2
0.0216274,0.0120449
