Var1_1,Var1_2
0.0204784,0.0109587
