Var1_1,Var1_2
0.0186506,0.0099398
