Var1_1,Var1_2
0.018585,0.0103567
