Var1_1,Var1_2
0.0206819,0.0111375
