Var1_1,Var1_2
0.0196638,0.0104979
