Var1_1,Var1_2
0.0227738,0.0106545
