Var1_1,Var1_2
0.0221109,0.010619
