Var1_1,Var1_2
0.0100119,0.0082745
