Var1_1,Var1_2
0.0108496,0.0057259
