Var1_1,Var1_2
0.0096878,0.0087158
