Var1_1,Var1_2
0.0084174,0.007465
