Var1_1,Var1_2
0.0101053,0.0071992
