Var1_1,Var1_2
0.0103148,0.0090729
