Var1_1,Var1_2
0.0095445,0.0070526
