Var1_1,Var1_2
0.0102219,0.0104621
