Var1_1,Var1_2
0.0087149,0.0068096
