Var1_1,Var1_2
0.0091046,0.007698
