Var1_1,Var1_2
0.0093148,0.0057193
