Var1_1,Var1_2
0.0100638,0.0064698
