Var1_1,Var1_2
0.008876,0.0041995
