Var1_1,Var1_2
0.0119345,0.0057668
