Var1_1,Var1_2
0.0105588,0.006043
