Var1_1,Var1_2
0.0086544,0.0080203
