Var1_1,Var1_2
0.0094071,0.0090872
