Var1_1,Var1_2
0.0128176,0.0076702
