Var1_1,Var1_2
0.0088619,0.0061142
