Var1_1,Var1_2
0.0103217,0.0047737
