Var1_1,Var1_2
0.0104185,0.0071718
