Var1_1,Var1_2
0.0091646,0.0046949
