Var1_1,Var1_2
0.0089757,0.0077902
