Var1_1,Var1_2
0.0092149,0.0049512
