Var1_1,Var1_2
0.0100024,0.0060491
