Var1_1,Var1_2
0.0088626,0.0050042
