Var1_1,Var1_2
0.0105602,0.0057703
