Var1_1,Var1_2
0.0084151,0.0054268
