Var1_1,Var1_2
0.009928,0.0091413
