Var1_1,Var1_2
0.008453,0.0065296
