Var1_1,Var1_2
0.0075304,0.0048294
