Var1_1,Var1_2
0.0092459,0.0049854
