Var1_1,Var1_2
0.0088646,0.007417
