Var1_1,Var1_2
0.008746,0.0049018
