Var1_1,Var1_2
0.0106992,0.0064378
