Var1_1,Var1_2
0.0088098,0.0062704
