Var1_1,Var1_2
0.0089341,0.0046213
