Var1_1,Var1_2
0.0092641,0.0075668
