Var1_1,Var1_2
0.0161697,0.0105789
