Var1_1,Var1_2
0.0076854,0.0073779
