Var1_1,Var1_2
0.0103492,0.0049255
