Var1_1,Var1_2
0.0092422,0.005306
