Var1_1,Var1_2
0.0100173,0.0059112
