Var1_1,Var1_2
0.0084627,0.0060239
