Var1_1,Var1_2
0.0103212,0.0043947
