Var1_1,Var1_2
0.0097054,0.0050323
