Var1_1,Var1_2
0.0085551,0.0052609
