Var1_1,Var1_2
0.0103029,0.0093751
