Var1_1,Var1_2
0.0078993,0.0057613
