Var1_1,Var1_2
0.0085877,0.0051811
