Var1_1,Var1_2
0.0077235,0.0068651
