Var1_1,Var1_2
0.0111733,0.0067635
