Var1_1,Var1_2
0.0081654,0.0053611
