Var1_1,Var1_2
0.0072402,0.004733
