Var1_1,Var1_2
0.0096849,0.0067048
