Var1_1,Var1_2
0.0080964,0.004713
