Var1_1,Var1_2
0.0098955,0.0058581
