Var1_1,Var1_2
0.0088555,0.0068962
