Var1_1,Var1_2
0.0098226,0.0049593
