Var1_1,Var1_2
0.0080216,0.004855
