Var1_1,Var1_2
0.0103227,0.0053756
