Var1_1,Var1_2
0.0094726,0.0094244
