Var1_1,Var1_2
0.0091634,0.0060847
