Var1_1,Var1_2
0.008985,0.0062614
