Var1_1,Var1_2
0.0121615,0.0108869
