Var1_1,Var1_2
0.0097482,0.0040728
