Var1_1,Var1_2
0.0095411,0.0045388
