Var1_1,Var1_2
0.0148085,0.0096014
