Var1_1,Var1_2
0.0098397,0.007025
