Var1_1,Var1_2
0.0098016,0.0059979
