Var1_1,Var1_2
0.0091089,0.0044745
