Var1_1,Var1_2
0.0093534,0.004383
