Var1_1,Var1_2
0.0079286,0.0061223
