Var1_1,Var1_2
0.0101213,0.004537
