Var1_1,Var1_2
0.0089581,0.0078558
