Var1_1,Var1_2
0.0091929,0.0048096
