Var1_1,Var1_2
0.0101108,0.0079874
