Var1_1,Var1_2
0.01237,0.0116683
