Var1_1,Var1_2
0.0091005,0.0057724
