Var1_1,Var1_2
0.0114787,0.0054688
