Var1_1,Var1_2
0.0084827,0.0078384
