Var1_1,Var1_2
0.0085858,0.0075766
