Var1_1,Var1_2
0.0110652,0.0084629
