Var1_1,Var1_2
0.0093804,0.00644
