Var1_1,Var1_2
0.0106047,0.005691
