Var1_1,Var1_2
0.0102519,0.0066759
