Var1_1,Var1_2
0.0102689,0.0073068
