Var1_1,Var1_2
0.0102132,0.005501
