Var1_1,Var1_2
0.0091061,0.007187
