Var1_1,Var1_2
0.0098695,0.0087247
