Var1_1,Var1_2
0.0105924,0.0056536
