Var1_1,Var1_2
0.0101131,0.0073598
