Var1_1,Var1_2
0.0106807,0.0074093
