Var1_1,Var1_2
0.0102917,0.006968
