Var1_1,Var1_2
0.0085515,0.0063136
