Var1_1,Var1_2
0.0089184,0.0067204
