Var1_1,Var1_2
0.0091543,0.007947
