Var1_1,Var1_2
0.0101574,0.0050431
