Var1_1,Var1_2
0.0105502,0.0103028
