Var1_1,Var1_2
0.0085688,0.0067705
