Var1_1,Var1_2
0.0093444,0.0050278
