Var1_1,Var1_2
0.0113201,0.0087462
