Var1_1,Var1_2
0.0095179,0.0087345
