Var1_1,Var1_2
0.0107021,0.0066936
