Var1_1,Var1_2
0.0088565,0.0055671
