Var1_1,Var1_2
0.0096003,0.0091074
