Var1_1,Var1_2
0.0087058,0.0072251
