Var1_1,Var1_2
0.0104812,0.0133373
