Var1_1,Var1_2
0.0093654,0.0067514
