Var1_1,Var1_2
0.0088012,0.006542
