Var1_1,Var1_2
0.0083949,0.0087764
