Var1_1,Var1_2
0.0091919,0.0055519
