Var1_1,Var1_2
0.0090961,0.0081515
