Var1_1,Var1_2
0.0082661,0.0038032
