Var1_1,Var1_2
0.0100885,0.0062687
