Var1_1,Var1_2
0.0089729,0.0060922
