Var1_1,Var1_2
0.0058496,0.0039171
