Var1_1,Var1_2
0.0080122,0.0055032
