Var1_1,Var1_2
0.0086848,0.0049773
