Var1_1,Var1_2
0.0083009,0.0058736
