Var1_1,Var1_2
0.0080119,0.0064398
