Var1_1,Var1_2
0.0079797,0.0048455
