Var1_1,Var1_2
0.0103431,0.0047382
