Var1_1,Var1_2
0.0090532,0.006089
