Var1_1,Var1_2
0.0084625,0.007427
