Var1_1,Var1_2
0.0094917,0.0052696
