Var1_1,Var1_2
0.008198,0.0058405
