Var1_1,Var1_2
0.0089692,0.0061426
