Var1_1,Var1_2
0.0080479,0.0051333
