Var1_1,Var1_2
0.0093243,0.0070809
