Var1_1,Var1_2
0.0095404,0.008254
