Var1_1,Var1_2
0.0092105,0.0051945
