Var1_1,Var1_2
0.0073648,0.0065279
