Var1_1,Var1_2
0.0086086,0.0057092
