Var1_1,Var1_2
0.0084118,0.0061467
