Var1_1,Var1_2
0.010951,0.0064367
