Var1_1,Var1_2
0.0097299,0.0050604
