Var1_1,Var1_2
0.0074434,0.0106277
