Var1_1,Var1_2
0.0130025,0.0089051
