Var1_1,Var1_2
0.0079858,0.0069391
