Var1_1,Var1_2
0.0101259,0.0093219
