Var1_1,Var1_2
0.0102406,0.0063027
