Var1_1,Var1_2
0.0106396,0.0051519
