Var1_1,Var1_2
0.0092016,0.007138
