Var1_1,Var1_2
0.0145082,0.0131368
