Var1_1,Var1_2
0.0115559,0.006226
