Var1_1,Var1_2
0.0105661,0.0052793
