Var1_1,Var1_2
0.0080085,0.0083276
