Var1_1,Var1_2
0.0103075,0.0093977
