Var1_1,Var1_2
0.0079375,0.0062266
