Var1_1,Var1_2
0.0079242,0.0070297
