Var1_1,Var1_2
0.0095442,0.0109711
