Var1_1,Var1_2
0.0114351,0.0068737
