Var1_1,Var1_2
0.0107631,0.0107303
