Var1_1,Var1_2
0.0086146,0.0071746
