Var1_1,Var1_2
0.0096611,0.0082919
