Var1_1,Var1_2
0.0080946,0.0062746
