Var1_1,Var1_2
0.0081924,0.0072541
