Var1_1,Var1_2
0.0109016,0.0067215
