Var1_1,Var1_2
0.010579,0.0061651
