Var1_1,Var1_2
0.0084942,0.0077752
