Var1_1,Var1_2
0.0092828,0.0050954
