Var1_1,Var1_2
0.0113246,0.0056009
