Var1_1,Var1_2
0.0116166,0.0089769
