Var1_1,Var1_2
0.0088599,0.0045808
