Var1_1,Var1_2
0.0094603,0.005388
