Var1_1,Var1_2
0.0104893,0.008069
