Var1_1,Var1_2
0.0081338,0.00616
