Var1_1,Var1_2
0.0091964,0.006359
