Var1_1,Var1_2
0.0086632,0.0073546
