Var1_1,Var1_2
0.0089504,0.0102538
