Var1_1,Var1_2
0.0103788,0.0086056
