Var1_1,Var1_2
0.0094239,0.0052203
