Var1_1,Var1_2
0.0081573,0.0060284
