Var1_1,Var1_2
0.0083962,0.0081609
