Var1_1,Var1_2
0.0122985,0.010219
