Var1_1,Var1_2
0.0094377,0.0068315
