Var1_1,Var1_2
0.0098102,0.0050925
