Var1_1,Var1_2
0.0145421,0.0084774
