Var1_1,Var1_2
0.0095617,0.0050152
