Var1_1,Var1_2
0.0087771,0.0051725
