Var1_1,Var1_2
0.0118478,0.0049643
