Var1_1,Var1_2
0.0116207,0.0112687
