Var1_1,Var1_2
0.0104118,0.0083823
