Var1_1,Var1_2
0.0085179,0.0066527
