Var1_1,Var1_2
0.0102202,0.0095869
