Var1_1,Var1_2
0.0102145,0.011767
