Var1_1,Var1_2
0.0082214,0.0048716
