Var1_1,Var1_2
0.0108602,0.0057136
