Var1_1,Var1_2
0.0094608,0.0056826
