Var1_1,Var1_2
0.0143355,0.0130439
