Var1_1,Var1_2
0.0118989,0.0088156
