Var1_1,Var1_2
0.008383,0.0082544
