Var1_1,Var1_2
0.009378,0.0060761
