Var1_1,Var1_2
0.0118577,0.0049069
