Var1_1,Var1_2
0.0115684,0.0062046
