Var1_1,Var1_2
0.0072662,0.0066501
