Var1_1,Var1_2
0.0087056,0.0055807
