Var1_1,Var1_2
0.0091557,0.006179
