Var1_1,Var1_2
0.0147126,0.019057
