Var1_1,Var1_2
0.0108776,0.0064585
