Var1_1,Var1_2
0.009596,0.0119045
