Var1_1,Var1_2
0.0105131,0.0098042
