Var1_1,Var1_2
0.0120215,0.007518
