Var1_1,Var1_2
0.0143053,0.0134517
