Var1_1,Var1_2
0.009668,0.0078877
