Var1_1,Var1_2
0.0079602,0.0056363
