Var1_1,Var1_2
0.0114944,0.0120312
