Var1_1,Var1_2
0.008848,0.0051529
