Var1_1,Var1_2
0.0091485,0.0068083
