Var1_1,Var1_2
0.011008,0.0081451
