Var1_1,Var1_2
0.0112646,0.0087998
