Var1_1,Var1_2
0.0104597,0.0067904
