Var1_1,Var1_2
0.0101483,0.0102209
