Var1_1,Var1_2
0.0100449,0.0093152
