Var1_1,Var1_2
0.0095906,0.0066092
