Var1_1,Var1_2
0.009095,0.0097103
