Var1_1,Var1_2
0.0093135,0.0094429
