Var1_1,Var1_2
0.0099957,0.0084064
