Var1_1,Var1_2
0.0108002,0.0086078
