Var1_1,Var1_2
0.0111304,0.0051168
