Var1_1,Var1_2
0.0090819,0.0074294
