Var1_1,Var1_2
0.0072158,0.0039654
