Var1_1,Var1_2
0.0074389,0.0040353
