Var1_1,Var1_2
0.0067682,0.0042131
