Var1_1,Var1_2
0.0063816,0.0038016
