Var1_1,Var1_2
0.0067756,0.0042695
