Var1_1,Var1_2
0.006751,0.0036847
