Var1_1,Var1_2
0.0069328,0.0044925
