Var1_1,Var1_2
0.006631,0.0054043
