Var1_1,Var1_2
0.0082518,0.004147
