Var1_1,Var1_2
0.0083869,0.0060009
