Var1_1,Var1_2
0.0144646,0.0088058
