Var1_1,Var1_2
0.0079587,0.0058148
