Var1_1,Var1_2
0.0070553,0.0046404
