Var1_1,Var1_2
0.0206517,0.0214103
