Var1_1,Var1_2
0.0161889,0.0155038
