Var1_1,Var1_2
0.019624,0.0196149
