Var1_1,Var1_2
0.0056469,0.0036456
