Var1_1,Var1_2
0.0190853,0.0213529
