Var1_1,Var1_2
0.0113024,0.0054263
