Var1_1,Var1_2
0.0203026,0.0207154
