Var1_1,Var1_2
0.0084305,0.0044483
