Var1_1,Var1_2
0.0193354,0.0169469
