Var1_1,Var1_2
0.0194808,0.0202463
