Var1_1,Var1_2
0.0190043,0.0179865
