Var1_1,Var1_2
0.0201749,0.0190297
