Var1_1,Var1_2
0.0227102,0.0198711
