Var1_1,Var1_2
0.0093705,0.004809
