Var1_1,Var1_2
0.0211574,0.0206534
