Var1_1,Var1_2
0.0290166,0.0218012
