Var1_1,Var1_2
0.0199291,0.0188693
