Var1_1,Var1_2
0.0267293,0.024704
