Var1_1,Var1_2
0.0073755,0.0048976
