Var1_1,Var1_2
0.0086056,0.0054432
