Var1_1,Var1_2
0.008547,0.0043923
