Var1_1,Var1_2
0.0104917,0.0055171
