Var1_1,Var1_2
0.0083309,0.0046517
