Var1_1,Var1_2
0.0094421,0.0048345
