Var1_1,Var1_2
0.0091632,0.0055115
