Var1_1,Var1_2
0.008148,0.0042376
