Var1_1,Var1_2
0.0071749,0.0048712
