Var1_1,Var1_2
0.0081969,0.0056944
