Var1_1,Var1_2
0.0078661,0.0040661
