Var1_1,Var1_2
0.0068496,0.0045014
