Var1_1,Var1_2
0.0078461,0.0043278
