Var1_1,Var1_2
0.0073279,0.0041639
