Var1_1,Var1_2
0.0083669,0.0044712
