Var1_1,Var1_2
0.0097093,0.0059373
