Var1_1,Var1_2
0.0109773,0.005554
