Var1_1,Var1_2
0.0084127,0.0042694
