Var1_1,Var1_2
0.0086296,0.0048052
