Var1_1,Var1_2
0.0068804,0.0045395
