Var1_1,Var1_2
0.0075155,0.0042376
