Var1_1,Var1_2
0.0089807,0.0042874
