Var1_1,Var1_2
0.0093471,0.0043937
