Var1_1,Var1_2
0.0075364,0.0041371
