Var1_1,Var1_2
0.0107862,0.0049989
