Var1_1,Var1_2
0.0060315,0.0041087
