Var1_1,Var1_2
0.0096637,0.0048309
