Var1_1,Var1_2
0.0077671,0.0044603
