Var1_1,Var1_2
0.0093815,0.0044153
