Var1_1,Var1_2
0.0086327,0.0060285
