Var1_1,Var1_2
0.0065816,0.0047158
