Var1_1,Var1_2
0.0098407,0.0047101
