Var1_1,Var1_2
0.0089723,0.0048289
