Var1_1,Var1_2
0.0091554,0.0048333
