Var1_1,Var1_2
0.0100568,0.0066837
