Var1_1,Var1_2
0.010012,0.0045776
