Var1_1,Var1_2
0.0102001,0.0045092
