Var1_1,Var1_2
0.0091201,0.004357
