Var1_1,Var1_2
0.0087815,0.0046164
