Var1_1,Var1_2
0.0102013,0.0049047
