Var1_1,Var1_2
0.0099434,0.0042466
