Var1_1,Var1_2
0.0099014,0.0048925
