Var1_1,Var1_2
0.008438,0.0047016
