Var1_1,Var1_2
0.0087246,0.0049833
