Var1_1,Var1_2
0.0096697,0.0049578
