Var1_1,Var1_2
0.0086125,0.004951
