Var1_1,Var1_2
0.0091466,0.0046339
