Var1_1,Var1_2
0.0091401,0.0048509
