Var1_1,Var1_2
0.0088138,0.0049635
