Var1_1,Var1_2
0.0099496,0.0049554
