Var1_1,Var1_2
0.0105744,0.0046926
