Var1_1,Var1_2
0.0090488,0.0053088
