Var1_1,Var1_2
0.0097573,0.0043091
