Var1_1,Var1_2
0.0095095,0.0055319
