Var1_1,Var1_2
0.0096423,0.0052065
