Var1_1,Var1_2
0.009203,0.0049154
