Var1_1,Var1_2
0.0087818,0.0053815
