Var1_1,Var1_2
0.0093651,0.0051641
