Var1_1,Var1_2
0.0095424,0.009502
