Var1_1,Var1_2
0.0092092,0.0045508
