Var1_1,Var1_2
0.010677,0.0073847
