Var1_1,Var1_2
0.0088923,0.0078359
