Var1_1,Var1_2
0.0099052,0.0119169
