Var1_1,Var1_2
0.0115037,0.0074018
