Var1_1,Var1_2
0.0101506,0.0053741
