Var1_1,Var1_2
0.0098551,0.0083745
