Var1_1,Var1_2
0.0089187,0.0052034
