Var1_1,Var1_2
0.0110085,0.0058231
