Var1_1,Var1_2
0.0090865,0.0038323
