Var1_1,Var1_2
0.0092632,0.0063669
