Var1_1,Var1_2
0.008479,0.0048953
