Var1_1,Var1_2
0.0112389,0.0061542
