Var1_1,Var1_2
0.0079659,0.0052493
