Var1_1,Var1_2
0.0083216,0.0051323
