Var1_1,Var1_2
0.0078128,0.005571
