Var1_1,Var1_2
0.009316,0.0052738
