Var1_1,Var1_2
0.0099293,0.004917
