Var1_1,Var1_2
0.0059214,0.0040473
