Var1_1,Var1_2
0.0083061,0.0037659
