Var1_1,Var1_2
0.0198452,0.0189398
