Var1_1,Var1_2
0.005965,0.0036081
