Var1_1,Var1_2
0.0255088,0.0218778
