Var1_1,Var1_2
0.0105447,0.008975
