Var1_1,Var1_2
0.0215382,0.0203546
