Var1_1,Var1_2
0.0089404,0.0078101
