Var1_1,Var1_2
0.0125169,0.012549
