Var1_1,Var1_2
0.0198473,0.0195464
