Var1_1,Var1_2
0.0058658,0.0035885
