Var1_1,Var1_2
0.0088714,0.0075712
