Var1_1,Var1_2
0.0071995,0.0042227
