Var1_1,Var1_2
0.0195319,0.0188999
