Var1_1,Var1_2
0.0188613,0.017342
