Var1_1,Var1_2
0.0066124,0.0036698
