Var1_1,Var1_2
0.0096525,0.0058647
