Var1_1,Var1_2
0.0067575,0.0037939
