Var1_1,Var1_2
0.0056406,0.0035278
