Var1_1,Var1_2
0.0198606,0.0186508
