Var1_1,Var1_2
0.0196165,0.0190251
