Var1_1,Var1_2
0.0197374,0.0192521
