Var1_1,Var1_2
0.0188287,0.0181177
