Var1_1,Var1_2
0.0190429,0.0174547
