Var1_1,Var1_2
0.018747,0.0172022
