Var1_1,Var1_2
0.0083459,0.0045431
