Var1_1,Var1_2
0.022607,0.0184041
