Var1_1,Var1_2
0.0194669,0.0188138
