Var1_1,Var1_2
0.0198812,0.0173077
