Var1_1,Var1_2
0.0296057,0.0256248
