Var1_1,Var1_2
0.0200549,0.0193249
