Var1_1,Var1_2
0.0290027,0.0283021
