Var1_1,Var1_2
0.0096972,0.0053156
