Var1_1,Var1_2
0.0057123,0.003791
