Var1_1,Var1_2
0.0070519,0.0065862
