Var1_1,Var1_2
0.0063785,0.0051123
