Var1_1,Var1_2
0.0159798,0.0065142
