Var1_1,Var1_2
0.0103595,0.0043804
