Var1_1,Var1_2
0.015929,0.006935
