Var1_1,Var1_2
0.0129926,0.0087883
