Var1_1,Var1_2
0.0101636,0.0048379
