Var1_1,Var1_2
0.0103197,0.0056442
