Var1_1,Var1_2
0.0103118,0.0048513
