Var1_1,Var1_2
0.0083819,0.0064529
