Var1_1,Var1_2
0.0126151,0.0108259
