Var1_1,Var1_2
0.016612,0.0070357
