Var1_1,Var1_2
0.009836,0.0091629
