Var1_1,Var1_2
0.010423,0.0053907
