Var1_1,Var1_2
0.0094579,0.0073071
