Var1_1,Var1_2
0.0135467,0.0100558
