Var1_1,Var1_2
0.0130918,0.0062086
