Var1_1,Var1_2
0.0111265,0.0132775
