Var1_1,Var1_2
0.0116589,0.0098168
