Var1_1,Var1_2
0.0122618,0.0052009
