Var1_1,Var1_2
0.0102477,0.0052153
