Var1_1,Var1_2
0.0156398,0.0117889
