Var1_1,Var1_2
0.0192187,0.007555
