Var1_1,Var1_2
0.013451,0.0113706
