Var1_1,Var1_2
0.0098975,0.0053997
