Var1_1,Var1_2
0.0085317,0.0062322
