Var1_1,Var1_2
0.0096643,0.0056683
