Var1_1,Var1_2
0.0114097,0.005685
