Var1_1,Var1_2
0.0112545,0.0078162
