Var1_1,Var1_2
0.0119548,0.0077797
