Var1_1,Var1_2
0.0121992,0.0112856
