Var1_1,Var1_2
0.0157359,0.0121297
