Var1_1,Var1_2
0.0087979,0.0054803
