Var1_1,Var1_2
0.0107229,0.0085286
