Var1_1,Var1_2
0.00917,0.0084732
