Var1_1,Var1_2
0.0146907,0.0107869
