Var1_1,Var1_2
0.0095295,0.0076173
