Var1_1,Var1_2
0.007764,0.0089062
