Var1_1,Var1_2
0.0098351,0.0071262
