Var1_1,Var1_2
0.0123565,0.0051308
