Var1_1,Var1_2
0.0084015,0.0046739
