Var1_1,Var1_2
0.0143094,0.0093979
