Var1_1,Var1_2
0.0109386,0.0053546
