Var1_1,Var1_2
0.010642,0.0072969
