Var1_1,Var1_2
0.0090379,0.0056111
