Var1_1,Var1_2
0.0087564,0.0058563
