Var1_1,Var1_2
0.0092956,0.0052924
