Var1_1,Var1_2
0.0110342,0.0059255
