Var1_1,Var1_2
0.0094067,0.007172
