Var1_1,Var1_2
0.011663,0.0073294
