Var1_1,Var1_2
0.0110513,0.0079032
