Var1_1,Var1_2
0.0078708,0.0073525
