Var1_1,Var1_2
0.012026,0.0073237
