Var1_1,Var1_2
0.0100746,0.007456
