Var1_1,Var1_2
0.0158801,0.0104654
