Var1_1,Var1_2
0.012901,0.0103021
