Var1_1,Var1_2
0.0118846,0.0054606
