Var1_1,Var1_2
0.0159485,0.0116389
