Var1_1,Var1_2
0.009339,0.0093426
