Var1_1,Var1_2
0.011093,0.0107644
