Var1_1,Var1_2
0.0134531,0.0095447
