Var1_1,Var1_2
0.0143975,0.0061531
