Var1_1,Var1_2
0.0088773,0.008819
