Var1_1,Var1_2
0.0112455,0.0098387
