Var1_1,Var1_2
0.0086771,0.0068439
