Var1_1,Var1_2
0.0096458,0.0078934
