Var1_1,Var1_2
0.0097216,0.0051202
