Var1_1,Var1_2
0.0095098,0.0046852
