Var1_1,Var1_2
0.0104665,0.0067563
