Var1_1,Var1_2
0.0096098,0.0098682
