Var1_1,Var1_2
0.009887,0.0075673
