Var1_1,Var1_2
0.0119906,0.0097179
