Var1_1,Var1_2
0.013968,0.0103988
