Var1_1,Var1_2
0.0097316,0.0060882
