Var1_1,Var1_2
0.0086482,0.0068518
