Var1_1,Var1_2
0.0106834,0.0058954
