Var1_1,Var1_2
0.0103561,0.0082355
