Var1_1,Var1_2
0.010762,0.0061982
