Var1_1,Var1_2
0.0091654,0.0106883
