Var1_1,Var1_2
0.0093446,0.0049045
