Var1_1,Var1_2
0.0096898,0.0081387
