Var1_1,Var1_2
0.0142416,0.0116191
