Var1_1,Var1_2
0.0144149,0.0119331
