Var1_1,Var1_2
0.0142223,0.0115798
