Var1_1,Var1_2
0.0083209,0.0069935
