Var1_1,Var1_2
0.0164951,0.0150716
