Var1_1,Var1_2
0.0081073,0.010593
