Var1_1,Var1_2
0.0128708,0.0146191
