Var1_1,Var1_2
0.0109326,0.0062066
