Var1_1,Var1_2
0.0112586,0.006052
