Var1_1,Var1_2
0.0089737,0.0075651
