Var1_1,Var1_2
0.0099703,0.0052509
