Var1_1,Var1_2
0.0104453,0.0060858
