Var1_1,Var1_2
0.0131506,0.0060549
