Var1_1,Var1_2
0.0089259,0.006113
