Var1_1,Var1_2
0.0094693,0.006458
