Var1_1,Var1_2
0.0162318,0.0105099
