Var1_1,Var1_2
0.0145603,0.0057573
