Var1_1,Var1_2
0.0108926,0.0062245
