Var1_1,Var1_2
0.0153074,0.0106439
