Var1_1,Var1_2
0.0096344,0.0060539
