Var1_1,Var1_2
0.0104023,0.0051246
