Var1_1,Var1_2
0.0082372,0.0053963
