Var1_1,Var1_2
0.0102466,0.0050291
