Var1_1,Var1_2
0.0138705,0.0218389
