Var1_1,Var1_2
0.0140935,0.008394
