Var1_1,Var1_2
0.0131987,0.0079938
