Var1_1,Var1_2
0.0106615,0.0056326
