Var1_1,Var1_2
0.0083084,0.0087349
