Var1_1,Var1_2
0.0099257,0.0060719
