Var1_1,Var1_2
0.0140315,0.0068356
