Var1_1,Var1_2
0.016646,0.0080997
