Var1_1,Var1_2
0.0087634,0.0084788
