Var1_1,Var1_2
0.0094964,0.0066837
