Var1_1,Var1_2
0.0104067,0.0051743
