Var1_1,Var1_2
0.0087603,0.0070832
