Var1_1,Var1_2
0.0084875,0.0056261
