Var1_1,Var1_2
0.010226,0.0062611
