Var1_1,Var1_2
0.0085268,0.0065177
