Var1_1,Var1_2
0.0116939,0.0068734
