Var1_1,Var1_2
0.0097811,0.0048776
