Var1_1,Var1_2
0.0094299,0.0055375
