Var1_1,Var1_2
0.0108607,0.0055472
