Var1_1,Var1_2
0.0108231,0.0064115
