Var1_1,Var1_2
0.0085721,0.0051943
