Var1_1,Var1_2
0.0110848,0.005047
