Var1_1,Var1_2
0.0088383,0.0077898
