Var1_1,Var1_2
0.0103429,0.0066324
