Var1_1,Var1_2
0.0094975,0.004787
