Var1_1,Var1_2
0.0089491,0.007126
