Var1_1,Var1_2
0.008956,0.0067007
