Var1_1,Var1_2
0.0160065,0.0104452
