Var1_1,Var1_2
0.0124998,0.0080855
