Var1_1,Var1_2
0.0104272,0.0067943
