Var1_1,Var1_2
0.0113328,0.0102351
