Var1_1,Var1_2
0.0087115,0.0073939
