Var1_1,Var1_2
0.010004,0.0095258
