Var1_1,Var1_2
0.0084235,0.0072144
