Var1_1,Var1_2
0.0227361,0.008204
