Var1_1,Var1_2
0.0122365,0.0095302
