Var1_1,Var1_2
0.0105855,0.0049197
