Var1_1,Var1_2
0.0127919,0.0079917
