Var1_1,Var1_2
0.015844,0.0076089
