Var1_1,Var1_2
0.008862,0.0087442
