Var1_1,Var1_2
0.0137492,0.006656
