Var1_1,Var1_2
0.0082412,0.0065773
