Var1_1,Var1_2
0.0125616,0.0103174
