Var1_1,Var1_2
0.0142171,0.0090597
