Var1_1,Var1_2
0.0093824,0.0046757
