Var1_1,Var1_2
0.0136888,0.0086058
