Var1_1,Var1_2
0.0081231,0.0050588
