Var1_1,Var1_2
0.0113319,0.0115195
