Var1_1,Var1_2
0.0143402,0.0096071
