Var1_1,Var1_2
0.0090633,0.0050599
