Var1_1,Var1_2
0.0114038,0.0099816
