Var1_1,Var1_2
0.0083394,0.0049684
