Var1_1,Var1_2
0.011203,0.0105866
