Var1_1,Var1_2
0.0118687,0.0101205
