Var1_1,Var1_2
0.0131613,0.0128561
