Var1_1,Var1_2
0.013698,0.0087435
