Var1_1,Var1_2
0.0089385,0.0074003
