Var1_1,Var1_2
0.0119405,0.0106392
