Var1_1,Var1_2
0.0116724,0.0095864
