Var1_1,Var1_2
0.0099628,0.0048356
