Var1_1,Var1_2
0.0121904,0.0104724
