Var1_1,Var1_2
0.0124553,0.0121349
