Var1_1,Var1_2
0.012773,0.0118283
