Var1_1,Var1_2
0.0134849,0.0093654
