Var1_1,Var1_2
0.008665,0.0049312
