Var1_1,Var1_2
0.0094542,0.0045765
