Var1_1,Var1_2
0.00804,0.004807
