Var1_1,Var1_2
0.0092028,0.0071327
