Var1_1,Var1_2
0.0101843,0.0052759
