Var1_1,Var1_2
0.0095762,0.0049036
