Var1_1,Var1_2
0.0080022,0.0055771
