Var1_1,Var1_2
0.0087087,0.0082175
