Var1_1,Var1_2
0.0089621,0.0060009
