Var1_1,Var1_2
0.009068,0.0049758
