Var1_1,Var1_2
0.0103077,0.0057169
