Var1_1,Var1_2
0.0093013,0.0055251
