Var1_1,Var1_2
0.0089448,0.0064784
