Var1_1,Var1_2
0.0103442,0.005743
