Var1_1,Var1_2
0.0096674,0.0065012
