Var1_1,Var1_2
0.00883,0.0061115
