Var1_1,Var1_2
0.0101196,0.00627
