Var1_1,Var1_2
0.0102119,0.0079465
