Var1_1,Var1_2
0.0100545,0.0078949
