Var1_1,Var1_2
0.0081949,0.0067699
