Var1_1,Var1_2
0.0106408,0.0056399
