Var1_1,Var1_2
0.008502,0.0058942
