Var1_1,Var1_2
0.0086494,0.0048921
