Var1_1,Var1_2
0.0093522,0.0072641
