Var1_1,Var1_2
0.008921,0.0064159
