Var1_1,Var1_2
0.0110184,0.006633
