Var1_1,Var1_2
0.007686,0.0064359
