Var1_1,Var1_2
0.0089017,0.0053539
