Var1_1,Var1_2
0.008519,0.0057513
