Var1_1,Var1_2
0.0094637,0.0070478
