Var1_1,Var1_2
0.0088176,0.0055901
