Var1_1,Var1_2
0.0079418,0.0063609
