Var1_1,Var1_2
0.0083319,0.0047395
