Var1_1,Var1_2
0.0090567,0.005689
