Var1_1,Var1_2
0.0086828,0.0072394
