Var1_1,Var1_2
0.0100761,0.0063722
