Var1_1,Var1_2
0.0081547,0.0076298
