Var1_1,Var1_2
0.007963,0.0077007
