Var1_1,Var1_2
0.0097073,0.0055272
