Var1_1,Var1_2
0.0106459,0.0053492
