Var1_1,Var1_2
0.0085647,0.0056432
