Var1_1,Var1_2
0.0091967,0.006829
