Var1_1,Var1_2
0.0095297,0.0052211
