Var1_1,Var1_2
0.0112222,0.0055553
