Var1_1,Var1_2
0.0084816,0.0063053
