Var1_1,Var1_2
0.0097762,0.0048419
