Var1_1,Var1_2
0.0099893,0.0082875
