Var1_1,Var1_2
0.0096634,0.0068216
