Var1_1,Var1_2
0.0102944,0.0076229
