Var1_1,Var1_2
0.007847,0.0056652
