Var1_1,Var1_2
0.0219276,0.0191791
