Var1_1,Var1_2
0.0093401,0.0073897
