Var1_1,Var1_2
0.0087667,0.0065219
