Var1_1,Var1_2
0.0108715,0.0111716
