Var1_1,Var1_2
0.0302543,0.0277611
