Var1_1,Var1_2
0.01146,0.0121688
