Var1_1,Var1_2
0.0079047,0.0052428
