Var1_1,Var1_2
0.012587,0.010977
