Var1_1,Var1_2
0.0087988,0.0063981
