Var1_1,Var1_2
0.008941,0.005319
