Var1_1,Var1_2
0.0085256,0.0050453
