Var1_1,Var1_2
0.0065035,0.003998
