Var1_1,Var1_2
0.0127964,0.0085755
