Var1_1,Var1_2
0.008678,0.0049699
