Var1_1,Var1_2
0.0158028,0.0120553
