Var1_1,Var1_2
0.0182732,0.0154105
