Var1_1,Var1_2
0.0098533,0.0076033
