Var1_1,Var1_2
0.0077499,0.0049169
