Var1_1,Var1_2
0.0085009,0.0049959
