Var1_1,Var1_2
0.0112403,0.0073506
