Var1_1,Var1_2
0.0096247,0.0047517
