Var1_1,Var1_2
0.010118,0.0069845
