Var1_1,Var1_2
0.008974,0.005518
