Var1_1,Var1_2
0.0058879,0.0036417
