Var1_1,Var1_2
0.0132911,0.0126739
