Var1_1,Var1_2
0.008994,0.0067455
