Var1_1,Var1_2
0.0086654,0.0056095
