Var1_1,Var1_2
0.0125488,0.0074107
