Var1_1,Var1_2
0.0088763,0.0058714
