Var1_1,Var1_2
0.0085058,0.0053211
