Var1_1,Var1_2
0.0086488,0.0048634
