Var1_1,Var1_2
0.0185808,0.0178748
