Var1_1,Var1_2
0.0104152,0.0062583
