Var1_1,Var1_2
0.0109586,0.0087127
