Var1_1,Var1_2
0.0158954,0.0117896
