Var1_1,Var1_2
0.0095425,0.0057566
