Var1_1,Var1_2
0.0093867,0.0049487
