Var1_1,Var1_2
0.0080087,0.0063498
