Var1_1,Var1_2
0.0081984,0.005647
