Var1_1,Var1_2
0.0086959,0.0055702
