Var1_1,Var1_2
0.0089812,0.0066506
