Var1_1,Var1_2
0.0082887,0.0054204
