Var1_1,Var1_2
0.009269,0.0054712
