Var1_1,Var1_2
0.0084824,0.0057899
