Var1_1,Var1_2
0.0085457,0.006145
