Var1_1,Var1_2
0.0082733,0.0065114
