Var1_1,Var1_2
0.0095109,0.0061294
