Var1_1,Var1_2
0.0081668,0.0071566
