Var1_1,Var1_2
0.0090267,0.0045148
