Var1_1,Var1_2
0.0087193,0.005354
