Var1_1,Var1_2
0.0083544,0.0080438
