Var1_1,Var1_2
0.0095278,0.0047367
