Var1_1,Var1_2
0.0080025,0.0084934
