Var1_1,Var1_2
0.0087535,0.0064912
