Var1_1,Var1_2
0.0081834,0.0058341
