Var1_1,Var1_2
0.0086932,0.0050773
