Var1_1,Var1_2
0.0184782,0.0179694
