Var1_1,Var1_2
0.0184569,0.0177489
