Var1_1,Var1_2
0.0186214,0.0174815
