Var1_1,Var1_2
0.0183381,0.0170158
