Var1_1,Var1_2
0.0195842,0.0165726
