Var1_1,Var1_2
0.0188967,0.0176986
