Var1_1,Var1_2
0.019378,0.0176458
