Var1_1,Var1_2
0.0187786,0.0170378
