Var1_1,Var1_2
0.0198626,0.017986
