Var1_1,Var1_2
0.019617,0.017917
