Var1_1,Var1_2
0.0190854,0.0179484
