Var1_1,Var1_2
0.0182048,0.0162716
