Var1_1,Var1_2
0.0181986,0.016763
