Var1_1,Var1_2
0.0193526,0.0163577
