Var1_1,Var1_2
0.0184279,0.0165635
