Var1_1,Var1_2
0.0212971,0.0175376
