Var1_1,Var1_2
0.0185746,0.0169594
