Var1_1,Var1_2
0.0056707,0.0019916
