Var1_1,Var1_2
0.0182347,0.017474
