Var1_1,Var1_2
0.0186827,0.0165528
