Var1_1,Var1_2
0.0188425,0.0173418
