Var1_1,Var1_2
0.0181766,0.0181479
