Var1_1,Var1_2
0.0197793,0.0182752
