Var1_1,Var1_2
0.0190655,0.0164688
