Var1_1,Var1_2
0.0190748,0.016397
