Var1_1,Var1_2
0.0061212,0.003502
