Var1_1,Var1_2
0.0184599,0.0161857
