Var1_1,Var1_2
0.0183614,0.0167999
