Var1_1,Var1_2
0.018446,0.0169989
