Var1_1,Var1_2
0.0053698,0.0021494
