Var1_1,Var1_2
0.018502,0.0170868
