Var1_1,Var1_2
0.0152752,0.0078557
