Var1_1,Var1_2
0.0063168,0.0037789
