Var1_1,Var1_2
0.0182498,0.0162229
