Var1_1,Var1_2
0.0077433,0.0038248
