Var1_1,Var1_2
0.0188941,0.01684
