Var1_1,Var1_2
0.0239727,0.021144
