Var1_1,Var1_2
0.018313,0.0167835
