Var1_1,Var1_2
0.0194796,0.0177451
