Var1_1,Var1_2
0.0191295,0.0171006
