Var1_1,Var1_2
0.0191935,0.0174745
