Var1_1,Var1_2
0.0151084,0.0079424
