Var1_1,Var1_2
0.0160024,0.0083821
