Var1_1,Var1_2
0.0185401,0.0171533
