Var1_1,Var1_2
0.0083314,0.0046771
