Var1_1,Var1_2
0.0190539,0.0167655
