Var1_1,Var1_2
0.0149941,0.007848
