Var1_1,Var1_2
0.0180791,0.0103053
