Var1_1,Var1_2
0.0183561,0.0165475
