Var1_1,Var1_2
0.0180657,0.0169735
