Var1_1,Var1_2
0.0159163,0.0083765
