Var1_1,Var1_2
0.0184194,0.0163654
