Var1_1,Var1_2
0.0187465,0.0164932
