Var1_1,Var1_2
0.0155261,0.0089721
