Var1_1,Var1_2
0.0192401,0.0176109
