Var1_1,Var1_2
0.0160197,0.0082916
