Var1_1,Var1_2
0.0199967,0.0171793
