Var1_1,Var1_2
0.0183858,0.016683
