Var1_1,Var1_2
0.0184916,0.0171776
