Var1_1,Var1_2
0.0196846,0.0180537
