Var1_1,Var1_2
0.0187503,0.016612
