Var1_1,Var1_2
0.0197101,0.0185224
