Var1_1,Var1_2
0.0196388,0.0178277
