Var1_1,Var1_2
0.0183242,0.0171699
