Var1_1,Var1_2
0.0079949,0.0046937
