Var1_1,Var1_2
0.0063864,0.0023472
