Var1_1,Var1_2
0.0066804,0.0022999
