Var1_1,Var1_2
0.0187318,0.017552
