Var1_1,Var1_2
0.0203503,0.0173575
