Var1_1,Var1_2
0.0184772,0.0162315
