Var1_1,Var1_2
0.008591,0.0063576
