Var1_1,Var1_2
0.019109,0.0176597
