Var1_1,Var1_2
0.0199531,0.0184146
