Var1_1,Var1_2
0.018775,0.0177146
