Var1_1,Var1_2
0.0069407,0.003996
