Var1_1,Var1_2
0.0059938,0.0035928
