Var1_1,Var1_2
0.0073397,0.0047112
