Var1_1,Var1_2
0.014651,0.0081455
