Var1_1,Var1_2
0.0185163,0.0176678
