Var1_1,Var1_2
0.0193096,0.0178986
