Var1_1,Var1_2
0.0153378,0.008194
