Var1_1,Var1_2
0.0190522,0.0175174
