Var1_1,Var1_2
0.0195038,0.0178224
