Var1_1,Var1_2
0.0186464,0.0169929
