Var1_1,Var1_2
0.0182069,0.0179314
