Var1_1,Var1_2
0.0187956,0.0173924
