Var1_1,Var1_2
0.0188533,0.0175266
