Var1_1,Var1_2
0.0081142,0.0042548
