Var1_1,Var1_2
0.0158665,0.0084993
