Var1_1,Var1_2
0.0189256,0.0179822
