Var1_1,Var1_2
0.018769,0.0169593
