Var1_1,Var1_2
0.0185848,0.0170232
