Var1_1,Var1_2
0.0081482,0.0058334
