Var1_1,Var1_2
0.0182026,0.0163415
