Var1_1,Var1_2
0.0222143,0.0185061
