Var1_1,Var1_2
0.0154351,0.0090278
