Var1_1,Var1_2
0.0191472,0.0180852
