Var1_1,Var1_2
0.0182557,0.0170671
