Var1_1,Var1_2
0.0197769,0.0171926
