Var1_1,Var1_2
0.0197095,0.0182707
