Var1_1,Var1_2
0.0164077,0.0087973
