Var1_1,Var1_2
0.0152895,0.0083082
