Var1_1,Var1_2
0.019406,0.0168334
