Var1_1,Var1_2
0.0161118,0.0093429
