Var1_1,Var1_2
0.0184618,0.0166596
