Var1_1,Var1_2
0.0189282,0.0164427
