Var1_1,Var1_2
0.0074077,0.005384
