Var1_1,Var1_2
0.0186911,0.0176893
