Var1_1,Var1_2
0.0151429,0.0078374
