Var1_1,Var1_2
0.0185934,0.0175389
