Var1_1,Var1_2
0.0149693,0.0076949
