Var1_1,Var1_2
0.0156188,0.0081402
