Var1_1,Var1_2
0.0193562,0.0194254
