Var1_1,Var1_2
0.0196925,0.0209042
