Var1_1,Var1_2
0.0203876,0.0184747
