Var1_1,Var1_2
0.0194408,0.0203274
