Var1_1,Var1_2
0.0194747,0.0200978
