Var1_1,Var1_2
0.0215643,0.021851
