Var1_1,Var1_2
0.0196931,0.0193632
