Var1_1,Var1_2
0.0272691,0.024468
