Var1_1,Var1_2
0.0193196,0.0181846
