Var1_1,Var1_2
0.0206671,0.0213526
