Var1_1,Var1_2
0.0205448,0.0212487
