Var1_1,Var1_2
0.0206476,0.01924
