Var1_1,Var1_2
0.0199245,0.0191363
