Var1_1,Var1_2
0.0188933,0.020066
