Var1_1,Var1_2
0.0252851,0.0229111
