Var1_1,Var1_2
0.0247587,0.0242865
