Var1_1,Var1_2
0.0195325,0.0195396
