Var1_1,Var1_2
0.0195101,0.0181732
