Var1_1,Var1_2
0.0194219,0.01837
