Var1_1,Var1_2
0.0191079,0.0165368
