Var1_1,Var1_2
0.019202,0.0179252
