Var1_1,Var1_2
0.0184254,0.016936
