Var1_1,Var1_2
0.0189932,0.0174909
