Var1_1,Var1_2
0.0188855,0.0176205
