Var1_1,Var1_2
0.0187461,0.0182442
