Var1_1,Var1_2
0.0190506,0.0185745
