Var1_1,Var1_2
0.0189127,0.0167928
