Var1_1,Var1_2
0.0211826,0.0212227
