Var1_1,Var1_2
0.0181327,0.0171153
