Var1_1,Var1_2
0.018664,0.0177852
