Var1_1,Var1_2
0.0190314,0.0185026
