Var1_1,Var1_2
0.018931,0.0172701
