Var1_1,Var1_2
0.019128,0.0176069
