Var1_1,Var1_2
0.0188508,0.0165156
