Var1_1,Var1_2
0.0194254,0.0196376
