Var1_1,Var1_2
0.01905,0.0178526
