Var1_1,Var1_2
0.0185413,0.0183367
