Var1_1,Var1_2
0.0185501,0.0172818
