Var1_1,Var1_2
0.0184117,0.0172575
