Var1_1,Var1_2
0.0192013,0.0180585
