Var1_1,Var1_2
0.0186954,0.017096
