Var1_1,Var1_2
0.0185882,0.0166258
