Var1_1,Var1_2
0.0192715,0.0175704
