Var1_1,Var1_2
0.0278003,0.0235262
