Var1_1,Var1_2
0.0070995,0.0046768
