Var1_1,Var1_2
0.0222757,0.0255082
