Var1_1,Var1_2
0.0119772,0.0082291
