Var1_1,Var1_2
0.0202856,0.0188626
