Var1_1,Var1_2
0.0095752,0.0045194
