Var1_1,Var1_2
0.0102723,0.0048328
