Var1_1,Var1_2
0.0211974,0.0196428
