Var1_1,Var1_2
0.0256499,0.02347
