Var1_1,Var1_2
0.0112033,0.0074928
