Var1_1,Var1_2
0.008041,0.00535
