Var1_1,Var1_2
0.0102738,0.0069343
