Var1_1,Var1_2
0.0200811,0.0185015
