Var1_1,Var1_2
0.0082081,0.0046626
