Var1_1,Var1_2
0.020157,0.020143
