Var1_1,Var1_2
0.0088029,0.0044971
