Var1_1,Var1_2
0.0193124,0.0180768
