Var1_1,Var1_2
0.0193034,0.0179191
