Var1_1,Var1_2
0.0209185,0.0190483
