Var1_1,Var1_2
0.0188224,0.0176239
