Var1_1,Var1_2
0.0244079,0.0224769
