Var1_1,Var1_2
0.0206536,0.0200286
