Var1_1,Var1_2
0.0101617,0.0058452
