Var1_1,Var1_2
0.0082952,0.0048712
