Var1_1,Var1_2
0.0206042,0.0234565
