Var1_1,Var1_2
0.0125792,0.0084644
