Var1_1,Var1_2
0.009479,0.0072673
