Var1_1,Var1_2
0.0127695,0.0133883
