Var1_1,Var1_2
0.0129548,0.0121057
