Var1_1,Var1_2
0.0089074,0.0101671
