Var1_1,Var1_2
0.0092222,0.0077946
