Var1_1,Var1_2
0.0115262,0.0105089
