Var1_1,Var1_2
0.0135587,0.0155865
