Var1_1,Var1_2
0.0106115,0.0058933
