Var1_1,Var1_2
0.0129716,0.0084472
