Var1_1,Var1_2
0.0106726,0.0068915
