Var1_1,Var1_2
0.0145376,0.0095034
