Var1_1,Var1_2
0.012823,0.0101591
