Var1_1,Var1_2
0.0086336,0.0050622
