Var1_1,Var1_2
0.0153103,0.0122328
