Var1_1,Var1_2
0.0121028,0.0108158
