Var1_1,Var1_2
0.0089273,0.0048019
