Var1_1,Var1_2
0.0196181,0.0119393
