Var1_1,Var1_2
0.0101008,0.0154196
