Var1_1,Var1_2
0.013319,0.0096161
