Var1_1,Var1_2
0.0130238,0.0083479
