Var1_1,Var1_2
0.0092026,0.0104272
