Var1_1,Var1_2
0.0156796,0.0110944
