Var1_1,Var1_2
0.0086847,0.0053273
