Var1_1,Var1_2
0.0149826,0.0126768
