Var1_1,Var1_2
0.0121907,0.012018
