Var1_1,Var1_2
0.0093626,0.0102891
