Var1_1,Var1_2
0.0114308,0.0099168
