Var1_1,Var1_2
0.0116725,0.0082635
