Var1_1,Var1_2
0.0133139,0.0140618
