Var1_1,Var1_2
0.010374,0.009722
