Var1_1,Var1_2
0.0158622,0.0127618
