Var1_1,Var1_2
0.0135348,0.0087609
