Var1_1,Var1_2
0.0141914,0.0121994
