Var1_1,Var1_2
0.0099134,0.007425
