Var1_1,Var1_2
0.0141024,0.0127147
