Var1_1,Var1_2
0.0100174,0.0048323
