Var1_1,Var1_2
0.01427,0.0109341
