Var1_1,Var1_2
0.0116339,0.0103372
