Var1_1,Var1_2
0.0107076,0.0077021
