Var1_1,Var1_2
0.0145885,0.0120982
