Var1_1,Var1_2
0.0136519,0.0105913
