Var1_1,Var1_2
0.0158979,0.0101618
