Var1_1,Var1_2
0.0107331,0.0086058
