Var1_1,Var1_2
0.0112131,0.005381
