Var1_1,Var1_2
0.0150105,0.0113191
