Var1_1,Var1_2
0.012997,0.0102493
