Var1_1,Var1_2
0.0144929,0.0136362
