Var1_1,Var1_2
0.0087765,0.0067757
