Var1_1,Var1_2
0.0086475,0.0087639
