Var1_1,Var1_2
0.0138675,0.0144349
