Var1_1,Var1_2
0.0090438,0.0092789
