Var1_1,Var1_2
0.0122089,0.0065379
