Var1_1,Var1_2
0.0112084,0.0076058
