Var1_1,Var1_2
0.0132174,0.0073318
