Var1_1,Var1_2
0.0111508,0.0052141
