Var1_1,Var1_2
0.013302,0.0108766
