Var1_1,Var1_2
0.0141496,0.0142685
