Var1_1,Var1_2
0.0093925,0.0055588
