Var1_1,Var1_2
0.0099897,0.0090922
