Var1_1,Var1_2
0.0100129,0.0060287
