Var1_1,Var1_2
0.009177,0.0074105
