Var1_1,Var1_2
0.0075857,0.0056215
