Var1_1,Var1_2
0.0094014,0.0054734
