Var1_1,Var1_2
0.0078125,0.0066932
