Var1_1,Var1_2
0.008375,0.0066442
