Var1_1,Var1_2
0.0083847,0.0061515
