Var1_1,Var1_2
0.0082267,0.007395
