Var1_1,Var1_2
0.0084276,0.0051543
