Var1_1,Var1_2
0.0093684,0.0060844
