Var1_1,Var1_2
0.0085298,0.0075041
