Var1_1,Var1_2
0.0094405,0.0065009
