Var1_1,Var1_2
0.0094522,0.0051729
