Var1_1,Var1_2
0.008646,0.0054734
