Var1_1,Var1_2
0.0089754,0.0050649
