Var1_1,Var1_2
0.0072031,0.0046684
