Var1_1,Var1_2
0.0096005,0.0071692
