Var1_1,Var1_2
0.0081407,0.0056046
