Var1_1,Var1_2
0.0092066,0.005482
