Var1_1,Var1_2
0.0098235,0.0055413
