Var1_1,Var1_2
0.0078502,0.0052804
