Var1_1,Var1_2
0.0093133,0.0066447
