Var1_1,Var1_2
0.0093267,0.0082647
