Var1_1,Var1_2
0.0085297,0.0049506
