Var1_1,Var1_2
0.0092101,0.0055518
