Var1_1,Var1_2
0.0094524,0.0055594
