Var1_1,Var1_2
0.009525,0.0058853
