Var1_1,Var1_2
0.0088915,0.005221
