Var1_1,Var1_2
0.0089984,0.0058751
