Var1_1,Var1_2
0.0086836,0.0055444
