Var1_1,Var1_2
0.0103262,0.0053643
