Var1_1,Var1_2
0.0087224,0.0069923
