Var1_1,Var1_2
0.0092242,0.0062139
