Var1_1,Var1_2
0.0078307,0.0073558
