Var1_1,Var1_2
0.0091023,0.005602
