Var1_1,Var1_2
0.0086382,0.0060076
