Var1_1,Var1_2
0.0095181,0.0055432
