Var1_1,Var1_2
0.0093873,0.0060286
