Var1_1,Var1_2
0.0096071,0.005096
