Var1_1,Var1_2
0.0079581,0.0063838
