Var1_1,Var1_2
0.0089771,0.0053089
