Var1_1,Var1_2
0.0094984,0.0050668
