Var1_1,Var1_2
0.0083098,0.00685
