Var1_1,Var1_2
0.0085082,0.0061041
