Var1_1,Var1_2
0.0081671,0.0069211
