Var1_1,Var1_2
0.0087999,0.0052434
