Var1_1,Var1_2
0.0094131,0.0065749
