Var1_1,Var1_2
0.0093979,0.0045254
