Var1_1,Var1_2
0.0084772,0.0062129
