Var1_1,Var1_2
0.0090489,0.0054476
