Var1_1,Var1_2
0.0098941,0.0056795
