Var1_1,Var1_2
0.0085481,0.0059264
