Var1_1,Var1_2
0.0126054,0.0095218
