Var1_1,Var1_2
0.0086615,0.0051684
