Var1_1,Var1_2
0.0082278,0.0050293
