Var1_1,Var1_2
0.00826,0.0050089
