Var1_1,Var1_2
0.0085225,0.0055324
