Var1_1,Var1_2
0.008882,0.0069098
