Var1_1,Var1_2
0.0095485,0.0060897
