Var1_1,Var1_2
0.0075053,0.0065626
