Var1_1,Var1_2
0.0098156,0.0055283
