Var1_1,Var1_2
0.0096257,0.0058728
