Var1_1,Var1_2
0.009323,0.0048796
