Var1_1,Var1_2
0.0087964,0.0060017
