Var1_1,Var1_2
0.007969,0.0059129
