Var1_1,Var1_2
0.0106685,0.0057154
