Var1_1,Var1_2
0.0102648,0.0055603
