Var1_1,Var1_2
0.0083226,0.0062444
