Var1_1,Var1_2
0.0096882,0.0054347
