Var1_1,Var1_2
0.0080071,0.0055232
