Var1_1,Var1_2
0.0098569,0.0061454
