Var1_1,Var1_2
0.0090187,0.0070463
