Var1_1,Var1_2
0.0111362,0.0092622
