Var1_1,Var1_2
0.0077528,0.0050195
