Var1_1,Var1_2
0.0088062,0.0072778
