Var1_1,Var1_2
0.0089475,0.0058109
