Var1_1,Var1_2
0.0083921,0.0057253
