Var1_1,Var1_2
0.0101786,0.0059889
