Var1_1,Var1_2
0.0079547,0.0078092
