Var1_1,Var1_2
0.0086097,0.0054647
