Var1_1,Var1_2
0.00865,0.0059519
