Var1_1,Var1_2
0.008817,0.0059063
