Var1_1,Var1_2
0.0080356,0.0057539
