Var1_1,Var1_2
0.0088346,0.006173
