Var1_1,Var1_2
0.0082822,0.0052382
