Var1_1,Var1_2
0.0086004,0.0085471
