Var1_1,Var1_2
0.0089049,0.0055948
