Var1_1,Var1_2
0.0080854,0.0062795
