Var1_1,Var1_2
0.008699,0.0047532
