Var1_1,Var1_2
0.009622,0.0046425
