Var1_1,Var1_2
0.0082111,0.0051969
