Var1_1,Var1_2
0.0091228,0.0057298
