Var1_1,Var1_2
0.0077799,0.0052373
