Var1_1,Var1_2
0.0203156,0.0218961
