Var1_1,Var1_2
0.0069361,0.006573
