Var1_1,Var1_2
0.0097074,0.0058201
