Var1_1,Var1_2
0.0085709,0.0184372
