Var1_1,Var1_2
0.0080324,0.0060334
