Var1_1,Var1_2
0.0078394,0.0050165
