Var1_1,Var1_2
0.0236525,0.0241221
