Var1_1,Var1_2
0.0085315,0.005961
