Var1_1,Var1_2
0.0066875,0.0036756
