Var1_1,Var1_2
0.0095985,0.0070555
