Var1_1,Var1_2
0.0078351,0.0049761
