Var1_1,Var1_2
0.0224963,0.0203113
