Var1_1,Var1_2
0.0252205,0.0209952
