Var1_1,Var1_2
0.0205849,0.0192529
