Var1_1,Var1_2
0.0143365,0.0098829
