Var1_1,Var1_2
0.0101087,0.0048607
