Var1_1,Var1_2
0.0081089,0.0053403
