Var1_1,Var1_2
0.0083294,0.0071608
