Var1_1,Var1_2
0.0082618,0.0045386
