Var1_1,Var1_2
0.0092449,0.0046638
