Var1_1,Var1_2
0.008861,0.0052276
