Var1_1,Var1_2
0.0082985,0.0067282
