Var1_1,Var1_2
0.0099543,0.005142
