Var1_1,Var1_2
0.0087055,0.0050965
