Var1_1,Var1_2
0.0092214,0.0050473
