Var1_1,Var1_2
0.0067044,0.0075012
