Var1_1,Var1_2
0.0082936,0.0055307
