Var1_1,Var1_2
0.0085208,0.006634
