Var1_1,Var1_2
0.0086628,0.005558
