Var1_1,Var1_2
0.0093859,0.0055547
