Var1_1,Var1_2
0.0101467,0.0082675
