Var1_1,Var1_2
0.010055,0.0061823
