Var1_1,Var1_2
0.0111518,0.0056545
