Var1_1,Var1_2
0.0220062,0.0138322
