Var1_1,Var1_2
0.0085503,0.0048278
