Var1_1,Var1_2
0.0095314,0.0067962
