Var1_1,Var1_2
0.0100349,0.0054149
