Var1_1,Var1_2
0.019007,0.0188837
