Var1_1,Var1_2
0.0085035,0.0056601
