Var1_1,Var1_2
0.0093739,0.00536
