Var1_1,Var1_2
0.0081294,0.005097
