Var1_1,Var1_2
0.0093593,0.0057333
