Var1_1,Var1_2
0.0089919,0.0082344
