Var1_1,Var1_2
0.0099198,0.0059214
