Var1_1,Var1_2
0.0095386,0.0058376
