Var1_1,Var1_2
0.0085146,0.0070913
