Var1_1,Var1_2
0.0088504,0.0121651
