Var1_1,Var1_2
0.0074211,0.0023574
