Var1_1,Var1_2
0.0075014,0.0050539
