Var1_1,Var1_2
0.0115326,0.0095286
