Var1_1,Var1_2
0.0085092,0.0128986
