Var1_1,Var1_2
0.0077986,0.0044388
