Var1_1,Var1_2
0.009541,0.0048004
