Var1_1,Var1_2
0.0105035,0.0059768
