Var1_1,Var1_2
0.0085924,0.0054615
