Var1_1,Var1_2
0.0100185,0.0069283
