Var1_1,Var1_2
0.0091435,0.0075779
