Var1_1,Var1_2
0.0089509,0.0080591
