Var1_1,Var1_2
0.0083574,0.0058869
