Var1_1,Var1_2
0.0075661,0.0050621
