Var1_1,Var1_2
0.0102713,0.0052339
