Var1_1,Var1_2
0.0099029,0.0050531
