Var1_1,Var1_2
0.0084574,0.0036248
