Var1_1,Var1_2
0.0078053,0.0054941
