Var1_1,Var1_2
0.0098789,0.0052646
