Var1_1,Var1_2
0.0094805,0.0059438
