Var1_1,Var1_2
0.0097175,0.0071769
