Var1_1,Var1_2
0.00988,0.0056616
