Var1_1,Var1_2
0.0081923,0.006574
