Var1_1,Var1_2
0.0096243,0.005968
