Var1_1,Var1_2
0.0073496,0.0078119
