Var1_1,Var1_2
0.0098312,0.0064475
