Var1_1,Var1_2
0.0065475,0.0041811
