Var1_1,Var1_2
0.008566,0.0046586
