Var1_1,Var1_2
0.0097543,0.0072944
