Var1_1,Var1_2
0.0084108,0.0044718
