Var1_1,Var1_2
0.0107337,0.0046089
