Var1_1,Var1_2
0.0080357,0.0139251
