Var1_1,Var1_2
0.0099295,0.0120209
