Var1_1,Var1_2
0.0076267,0.0050645
