Var1_1,Var1_2
0.0068508,0.0047623
