Var1_1,Var1_2
0.0082677,0.0061864
