Var1_1,Var1_2
0.0083447,0.0060625
