Var1_1,Var1_2
0.0087967,0.0052874
