Var1_1,Var1_2
0.0092017,0.0069746
