Var1_1,Var1_2
0.0088494,0.0059995
