Var1_1,Var1_2
0.0079376,0.0078641
