Var1_1,Var1_2
0.0100546,0.0085114
