Var1_1,Var1_2
0.0081111,0.0063282
