Var1_1,Var1_2
0.0081127,0.0069057
