Var1_1,Var1_2
0.0080348,0.006368
