Var1_1,Var1_2
0.0098753,0.0068186
