Var1_1,Var1_2
0.0096303,0.0048548
