Var1_1,Var1_2
0.0088067,0.0052512
