Var1_1,Var1_2
0.0098502,0.0048674
