Var1_1,Var1_2
0.0077162,0.0042326
