Var1_1,Var1_2
0.0078085,0.0049898
