Var1_1,Var1_2
0.006922,0.0023239
