Var1_1,Var1_2
0.0080556,0.0065934
