Var1_1,Var1_2
0.0085066,0.0052752
