Var1_1,Var1_2
0.0076057,0.0060037
