Var1_1,Var1_2
0.0084338,0.0030669
