Var1_1,Var1_2
0.0090636,0.0061377
