Var1_1,Var1_2
0.0082969,0.006879
