Var1_1,Var1_2
0.0090206,0.0050723
