Var1_1,Var1_2
0.006725,0.0043237
