Var1_1,Var1_2
0.0091576,0.0056803
