Var1_1,Var1_2
0.008668,0.0046291
