Var1_1,Var1_2
0.009884,0.0081585
