Var1_1,Var1_2
0.0083513,0.002695
