Var1_1,Var1_2
0.0072212,0.0074318
