Var1_1,Var1_2
0.008904,0.0051263
