Var1_1,Var1_2
0.007438,0.0029014
