Var1_1,Var1_2
0.0108301,0.0067389
