Var1_1,Var1_2
0.0083299,0.0071094
