Var1_1,Var1_2
0.0082405,0.0064333
