Var1_1,Var1_2
0.0074228,0.0030526
