Var1_1,Var1_2
0.0084611,0.0039881
