Var1_1,Var1_2
0.0080745,0.0051938
