Var1_1,Var1_2
0.0074136,0.0049135
