Var1_1,Var1_2
0.0078408,0.0076922
