Var1_1,Var1_2
0.0078725,0.0050307
