Var1_1,Var1_2
0.0078195,0.0051677
