Var1_1,Var1_2
0.010646,0.0074019
