Var1_1,Var1_2
0.0076284,0.0059538
