Var1_1,Var1_2
0.0068254,0.0030727
