Var1_1,Var1_2
0.0060096,0.002585
