Var1_1,Var1_2
0.0078199,0.0065253
