Var1_1,Var1_2
0.0081395,0.0073675
