Var1_1,Var1_2
0.0107975,0.0046866
