Var1_1,Var1_2
0.0083898,0.0073384
