Var1_1,Var1_2
0.0072815,0.0071568
