Var1_1,Var1_2
0.0089222,0.0056219
