Var1_1,Var1_2
0.0079382,0.0050448
