Var1_1,Var1_2
0.0085007,0.0056035
