Var1_1,Var1_2
0.0085507,0.0056312
