Var1_1,Var1_2
0.0098447,0.0047518
