Var1_1,Var1_2
0.0073941,0.0029776
