Var1_1,Var1_2
0.0098414,0.0072021
