Var1_1,Var1_2
0.0181457,0.0107295
