Var1_1,Var1_2
0.0093827,0.0054779
