Var1_1,Var1_2
0.0077792,0.0051179
