Var1_1,Var1_2
0.0087986,0.0065683
