Var1_1,Var1_2
0.0090237,0.0057863
