Var1_1,Var1_2
0.0112789,0.0081482
