Var1_1,Var1_2
0.0086947,0.00553
