Var1_1,Var1_2
0.0080879,0.006208
