Var1_1,Var1_2
0.0107788,0.0061182
