Var1_1,Var1_2
0.0214215,0.0210615
