Var1_1,Var1_2
0.0090491,0.0069141
