Var1_1,Var1_2
0.0132084,0.010788
