Var1_1,Var1_2
0.0176975,0.016505
