Var1_1,Var1_2
0.0089647,0.007111
