Var1_1,Var1_2
0.012376,0.0063113
