Var1_1,Var1_2
0.0090182,0.0058289
