Var1_1,Var1_2
0.0102228,0.0108341
