Var1_1,Var1_2
0.0089098,0.0058038
