Var1_1,Var1_2
0.0082147,0.0072065
