Var1_1,Var1_2
0.0119762,0.0057809
