Var1_1,Var1_2
0.0101998,0.0058488
