Var1_1,Var1_2
0.0101364,0.0053155
