Var1_1,Var1_2
0.008654,0.0065481
