Var1_1,Var1_2
0.009918,0.006753
