Var1_1,Var1_2
0.0083763,0.0057768
