Var1_1,Var1_2
0.0087223,0.007072
