Var1_1,Var1_2
0.0078624,0.0068094
