Var1_1,Var1_2
0.0085866,0.005735
