Var1_1,Var1_2
0.0080609,0.0070407
