Var1_1,Var1_2
0.0078891,0.0063726
