Var1_1,Var1_2
0.0098885,0.0060585
