Var1_1,Var1_2
0.009142,0.0083716
