Var1_1,Var1_2
0.0109401,0.0054348
