Var1_1,Var1_2
0.0083453,0.0070982
