Var1_1,Var1_2
0.0152494,0.0121131
