Var1_1,Var1_2
0.0102811,0.0057645
