Var1_1,Var1_2
0.0130061,0.0107899
