Var1_1,Var1_2
0.015191,0.0128516
