Var1_1,Var1_2
0.0100554,0.0058831
