Var1_1,Var1_2
0.0147021,0.0100004
