Var1_1,Var1_2
0.0077629,0.0062376
