Var1_1,Var1_2
0.0097191,0.0060906
