Var1_1,Var1_2
0.0081002,0.0060342
