Var1_1,Var1_2
0.0090743,0.0110668
