Var1_1,Var1_2
0.0111707,0.0073249
