Var1_1,Var1_2
0.0076658,0.0056345
