Var1_1,Var1_2
0.0085712,0.006242
