Var1_1,Var1_2
0.0142609,0.0112385
