Var1_1,Var1_2
0.0087854,0.0053932
