Var1_1,Var1_2
0.0090734,0.0068178
