Var1_1,Var1_2
0.0135497,0.0104738
