Var1_1,Var1_2
0.015252,0.0143674
