Var1_1,Var1_2
0.0138519,0.0053931
