Var1_1,Var1_2
0.0143034,0.0123899
