Var1_1,Var1_2
0.0122255,0.0119849
