Var1_1,Var1_2
0.0122007,0.0167465
