Var1_1,Var1_2
0.0140257,0.0108824
