Var1_1,Var1_2
0.0108212,0.0073759
