Var1_1,Var1_2
0.0128434,0.0086482
