Var1_1,Var1_2
0.0134292,0.0084162
