Var1_1,Var1_2
0.0157549,0.0133175
