Var1_1,Var1_2
0.009059,0.0071438
