Var1_1,Var1_2
0.0144679,0.0119516
