Var1_1,Var1_2
0.0134759,0.0113763
