Var1_1,Var1_2
0.0083076,0.0055914
