Var1_1,Var1_2
0.013437,0.0110474
