Var1_1,Var1_2
0.0119377,0.0135907
