Var1_1,Var1_2
0.0111634,0.0067603
