Var1_1,Var1_2
0.0147092,0.0103573
