Var1_1,Var1_2
0.0115279,0.010128
