Var1_1,Var1_2
0.0147265,0.0097175
