Var1_1,Var1_2
0.01153,0.0139591
