Var1_1,Var1_2
0.0153737,0.0109413
