Var1_1,Var1_2
0.0167671,0.0121548
