Var1_1,Var1_2
0.0083554,0.0080681
