Var1_1,Var1_2
0.0090416,0.0062215
