Var1_1,Var1_2
0.0123034,0.010334
