Var1_1,Var1_2
0.0115052,0.0116474
