Var1_1,Var1_2
0.0114447,0.0119349
