Var1_1,Var1_2
0.0124398,0.0143272
