Var1_1,Var1_2
0.0087051,0.0072685
