Var1_1,Var1_2
0.0142633,0.0097392
