Var1_1,Var1_2
0.0132048,0.0126387
