Var1_1,Var1_2
0.0139728,0.0120753
