Var1_1,Var1_2
0.0139353,0.0123841
