Var1_1,Var1_2
0.0136919,0.0119361
