Var1_1,Var1_2
0.0129024,0.0119421
