Var1_1,Var1_2
0.013257,0.0093758
