Var1_1,Var1_2
0.0113253,0.0113893
