Var1_1,Var1_2
0.013342,0.0122088
