Var1_1,Var1_2
0.0126063,0.0111628
