Var1_1,Var1_2
0.0138991,0.0112897
