Var1_1,Var1_2
0.0099195,0.0052245
