Var1_1,Var1_2
0.0136565,0.0095898
