Var1_1,Var1_2
0.0155919,0.0105122
