Var1_1,Var1_2
0.0082893,0.0067201
