Var1_1,Var1_2
0.0146817,0.0129509
