Var1_1,Var1_2
0.0133591,0.0118055
