Var1_1,Var1_2
0.007818,0.0051137
