Var1_1,Var1_2
0.0146997,0.0109341
