Var1_1,Var1_2
0.014126,0.0113246
