Var1_1,Var1_2
0.0118395,0.0095551
