Var1_1,Var1_2
0.013523,0.0115634
