Var1_1,Var1_2
0.0099672,0.0054967
