Var1_1,Var1_2
0.014155,0.0116966
