Var1_1,Var1_2
0.0152036,0.0111353
