Var1_1,Var1_2
0.0131305,0.011481
