Var1_1,Var1_2
0.0081841,0.0074989
