Var1_1,Var1_2
0.0140867,0.0115602
