Var1_1,Var1_2
0.0141081,0.0084795
