Var1_1,Var1_2
0.0116624,0.0104306
