Var1_1,Var1_2
0.0086242,0.0054231
