Var1_1,Var1_2
0.0121253,0.0088947
