Var1_1,Var1_2
0.0072308,0.0042355
