Var1_1,Var1_2
0.0124278,0.0084516
