Var1_1,Var1_2
0.0088563,0.0024875
