Var1_1,Var1_2
0.0092153,0.0063605
