Var1_1,Var1_2
0.0068774,0.0043971
