Var1_1,Var1_2
0.0075683,0.0056819
