Var1_1,Var1_2
0.0089561,0.0062379
