Var1_1,Var1_2
0.0076738,0.0044838
