Var1_1,Var1_2
0.0078889,0.0047456
