Var1_1,Var1_2
0.0072036,0.005081
