Var1_1,Var1_2
0.0093813,0.0059082
