Var1_1,Var1_2
0.0064693,0.0044313
