Var1_1,Var1_2
0.0085665,0.0062976
