Var1_1,Var1_2
0.0085575,0.0053167
