Var1_1,Var1_2
0.0092157,0.0061354
