Var1_1,Var1_2
0.0092299,0.0076813
