Var1_1,Var1_2
0.0211791,0.018657
