Var1_1,Var1_2
0.0090125,0.0050285
