Var1_1,Var1_2
0.0238932,0.0223146
