Var1_1,Var1_2
0.0232384,0.0244917
