Var1_1,Var1_2
0.0204565,0.020123
