Var1_1,Var1_2
0.0213969,0.0225571
