Var1_1,Var1_2
0.0208148,0.0192451
