Var1_1,Var1_2
0.0204625,0.0201532
