Var1_1,Var1_2
0.0220581,0.0217503
