Var1_1,Var1_2
0.0208249,0.0220253
