Var1_1,Var1_2
0.0205557,0.0204931
