Var1_1,Var1_2
0.0195189,0.022104
