Var1_1,Var1_2
0.0080815,0.0049805
