Var1_1,Var1_2
0.0208739,0.020446
