Var1_1,Var1_2
0.0085563,0.0059449
