Var1_1,Var1_2
0.0208035,0.0212139
