Var1_1,Var1_2
0.022123,0.0218207
