Var1_1,Var1_2
0.0065674,0.003673
