Var1_1,Var1_2
0.0238694,0.0202236
