Var1_1,Var1_2
0.0216891,0.0204022
