Var1_1,Var1_2
0.023717,0.0222804
