Var1_1,Var1_2
0.0093473,0.006004
