Var1_1,Var1_2
0.0207054,0.0205372
