Var1_1,Var1_2
0.0230418,0.0229248
