Var1_1,Var1_2
0.024838,0.0201207
