Var1_1,Var1_2
0.0217899,0.0213325
