Var1_1,Var1_2
0.0216587,0.021283
