Var1_1,Var1_2
0.0208348,0.0204296
