Var1_1,Var1_2
0.0209587,0.0208871
