Var1_1,Var1_2
0.0224438,0.0243119
