Var1_1,Var1_2
0.0233104,0.0239123
