Var1_1,Var1_2
0.02379,0.0231475
