Var1_1,Var1_2
0.0218193,0.0190521
