Var1_1,Var1_2
0.0216015,0.0193048
