Var1_1,Var1_2
0.0232349,0.0238616
