Var1_1,Var1_2
0.0216447,0.0208583
