Var1_1,Var1_2
0.0088628,0.0062401
