Var1_1,Var1_2
0.0237863,0.0243132
