Var1_1,Var1_2
0.0210481,0.0218148
