Var1_1,Var1_2
0.0213039,0.0202398
