Var1_1,Var1_2
0.0221058,0.0200923
