Var1_1,Var1_2
0.0213526,0.0213164
