Var1_1,Var1_2
0.0209876,0.0203292
