Var1_1,Var1_2
0.0209558,0.0201239
