Var1_1,Var1_2
0.012013,0.0240868
