Var1_1,Var1_2
0.022843,0.0213907
