Var1_1,Var1_2
0.0067637,0.0050547
