Var1_1,Var1_2
0.0074865,0.0048788
