Var1_1,Var1_2
0.0075405,0.0051854
