Var1_1,Var1_2
0.0133216,0.011013
