Var1_1,Var1_2
0.0094121,0.0055403
