Var1_1,Var1_2
0.00851,0.0080143
