Var1_1,Var1_2
0.0067797,0.0045643
