Var1_1,Var1_2
0.0265521,0.0257707
