Var1_1,Var1_2
0.012821,0.0090336
