Var1_1,Var1_2
0.0090155,0.0052071
