Var1_1,Var1_2
0.0086102,0.0062993
