Var1_1,Var1_2
0.0083247,0.0060298
