Var1_1,Var1_2
0.0082216,0.0058174
