Var1_1,Var1_2
0.0131216,0.0078299
