Var1_1,Var1_2
0.008606,0.0050473
