Var1_1,Var1_2
0.0061315,0.0038307
