Var1_1,Var1_2
0.0097723,0.0058521
