Var1_1,Var1_2
0.0105993,0.0063973
