Var1_1,Var1_2
0.0091913,0.0054023
