Var1_1,Var1_2
0.0090201,0.0054929
