Var1_1,Var1_2
0.0130585,0.0087323
