Var1_1,Var1_2
0.0087409,0.007156
