Var1_1,Var1_2
0.0080212,0.006794
