Var1_1,Var1_2
0.0091688,0.0050326
