Var1_1,Var1_2
0.0087078,0.0076545
