Var1_1,Var1_2
0.013244,0.0099656
