Var1_1,Var1_2
0.009695,0.0069839
