Var1_1,Var1_2
0.0125564,0.008961
