Var1_1,Var1_2
0.0089478,0.0062501
