Var1_1,Var1_2
0.0226639,0.0219059
