Var1_1,Var1_2
0.0101963,0.0068781
