Var1_1,Var1_2
0.0095983,0.0057288
