Var1_1,Var1_2
0.0101132,0.0075171
