Var1_1,Var1_2
0.0081175,0.0057609
