Var1_1,Var1_2
0.009275,0.0078069
