Var1_1,Var1_2
0.0090028,0.0060158
