Var1_1,Var1_2
0.0090615,0.0067576
