Var1_1,Var1_2
0.0107456,0.005653
