Var1_1,Var1_2
0.0131248,0.0115438
