Var1_1,Var1_2
0.0111005,0.0116193
