Var1_1,Var1_2
0.0097137,0.009441
