Var1_1,Var1_2
0.0099646,0.0055415
