Var1_1,Var1_2
0.0121327,0.0048268
