Var1_1,Var1_2
0.010142,0.0053263
