Var1_1,Var1_2
0.0101054,0.0073096
