Var1_1,Var1_2
0.009035,0.0076436
