Var1_1,Var1_2
0.0140153,0.0109958
