Var1_1,Var1_2
0.0105508,0.0052684
