Var1_1,Var1_2
0.0097848,0.0072462
