Var1_1,Var1_2
0.0107742,0.0112897
