Var1_1,Var1_2
0.0102444,0.0055147
