Var1_1,Var1_2
0.0116316,0.0065937
