Var1_1,Var1_2
0.0087313,0.0059778
