Var1_1,Var1_2
0.0130749,0.0091152
