Var1_1,Var1_2
0.0091631,0.0066197
