Var1_1,Var1_2
0.0086322,0.0062061
