Var1_1,Var1_2
0.0089281,0.0059225
