Var1_1,Var1_2
0.0079256,0.008386
