Var1_1,Var1_2
0.0101927,0.0068076
