Var1_1,Var1_2
0.0080938,0.0058995
