Var1_1,Var1_2
0.0092936,0.0080502
