Var1_1,Var1_2
0.0136586,0.0113971
