Var1_1,Var1_2
0.0094744,0.0071344
