Var1_1,Var1_2
0.0087025,0.0063278
