Var1_1,Var1_2
0.0080156,0.0067763
