Var1_1,Var1_2
0.0086491,0.0053662
