Var1_1,Var1_2
0.0099368,0.0053056
