Var1_1,Var1_2
0.0098263,0.0065539
