Var1_1,Var1_2
0.0092023,0.0059895
