Var1_1,Var1_2
0.0094305,0.0065441
