Var1_1,Var1_2
0.0105446,0.0058714
