Var1_1,Var1_2
0.00875,0.0061914
