Var1_1,Var1_2
0.0219023,0.0180367
