Var1_1,Var1_2
0.0092727,0.0050102
