Var1_1,Var1_2
0.0092531,0.0046797
