Var1_1,Var1_2
0.0086412,0.0062118
