Var1_1,Var1_2
0.0088946,0.0070158
