Var1_1,Var1_2
0.0074521,0.0069445
