Var1_1,Var1_2
0.0095816,0.0049156
