Var1_1,Var1_2
0.0086039,0.0051048
