Var1_1,Var1_2
0.0097219,0.007892
