Var1_1,Var1_2
0.0098928,0.0055818
