Var1_1,Var1_2
0.0087384,0.0062377
