Var1_1,Var1_2
0.0093579,0.0058443
