Var1_1,Var1_2
0.0086263,0.0066259
