Var1_1,Var1_2
0.0088307,0.0060103
