Var1_1,Var1_2
0.0093187,0.00606
