Var1_1,Var1_2
0.0083986,0.0063618
