Var1_1,Var1_2
0.0088235,0.0089355
