Var1_1,Var1_2
0.0104831,0.0055719
