Var1_1,Var1_2
0.0092305,0.0058938
