Var1_1,Var1_2
0.0090917,0.0054677
