Var1_1,Var1_2
0.0128074,0.0110762
