Var1_1,Var1_2
0.0128498,0.0124775
