Var1_1,Var1_2
0.0142364,0.0139276
