Var1_1,Var1_2
0.0133985,0.008752
