Var1_1,Var1_2
0.0079664,0.0055744
