Var1_1,Var1_2
0.0086834,0.004828
