Var1_1,Var1_2
0.0102188,0.0060164
