Var1_1,Var1_2
0.0085583,0.0060923
