Var1_1,Var1_2
0.0095503,0.0060174
