Var1_1,Var1_2
0.0087321,0.0063122
