Var1_1,Var1_2
0.0128716,0.009934
