Var1_1,Var1_2
0.012852,0.0116303
