Var1_1,Var1_2
0.0091131,0.0054977
