Var1_1,Var1_2
0.0079368,0.0074622
