Var1_1,Var1_2
0.0100223,0.0071427
