Var1_1,Var1_2
0.0074292,0.0062328
