Var1_1,Var1_2
0.0087111,0.0053084
