Var1_1,Var1_2
0.0108449,0.0102437
