Var1_1,Var1_2
0.0133571,0.0100009
