Var1_1,Var1_2
0.0138794,0.0116036
