Var1_1,Var1_2
0.0149366,0.0105005
