Var1_1,Var1_2
0.0134631,0.0108944
