Var1_1,Var1_2
0.0126182,0.0081507
