Var1_1,Var1_2
0.0130266,0.0139419
