Var1_1,Var1_2
0.009261,0.0056224
