Var1_1,Var1_2
0.0113643,0.0121732
