Var1_1,Var1_2
0.0142136,0.0093596
