Var1_1,Var1_2
0.0097085,0.0115462
