Var1_1,Var1_2
0.0132969,0.0090242
