Var1_1,Var1_2
0.0140586,0.0101258
