Var1_1,Var1_2
0.0140718,0.012046
