Var1_1,Var1_2
0.0080081,0.0077095
