Var1_1,Var1_2
0.0134493,0.0108716
