Var1_1,Var1_2
0.0114321,0.0058238
