Var1_1,Var1_2
0.0081883,0.0090655
