Var1_1,Var1_2
0.0127211,0.0111106
