Var1_1,Var1_2
0.0138579,0.0109778
