Var1_1,Var1_2
0.0085519,0.0060147
