Var1_1,Var1_2
0.0109985,0.0087897
