Var1_1,Var1_2
0.0134664,0.0070592
