Var1_1,Var1_2
0.013117,0.0088233
