Var1_1,Var1_2
0.0118503,0.0116053
