Var1_1,Var1_2
0.0130391,0.0097037
