Var1_1,Var1_2
0.0116379,0.0098489
