Var1_1,Var1_2
0.0100669,0.0070795
