Var1_1,Var1_2
0.0110726,0.0060045
