Var1_1,Var1_2
0.0148528,0.0142105
