Var1_1,Var1_2
0.0143187,0.0112908
