Var1_1,Var1_2
0.0117606,0.0111066
