Var1_1,Var1_2
0.0097166,0.007487
