Var1_1,Var1_2
0.0134521,0.0122963
