Var1_1,Var1_2
0.0136839,0.0101728
