Var1_1,Var1_2
0.0142385,0.0107763
