Var1_1,Var1_2
0.013314,0.0114296
