Var1_1,Var1_2
0.0126365,0.0116137
