Var1_1,Var1_2
0.0130068,0.0080454
