Var1_1,Var1_2
0.0146216,0.0090809
