Var1_1,Var1_2
0.0092611,0.0055775
