Var1_1,Var1_2
0.0156761,0.0087121
