Var1_1,Var1_2
0.0130474,0.0092868
