Var1_1,Var1_2
0.0107662,0.0113015
