Var1_1,Var1_2
0.0152473,0.0089506
