Var1_1,Var1_2
0.0139855,0.0094674
