Var1_1,Var1_2
0.0118629,0.0100504
