Var1_1,Var1_2
0.014234,0.010617
