Var1_1,Var1_2
0.0126471,0.0115432
