Var1_1,Var1_2
0.0112263,0.0132273
