Var1_1,Var1_2
0.0143401,0.0143416
