Var1_1,Var1_2
0.0096393,0.0106983
