Var1_1,Var1_2
0.0144169,0.012614
