Var1_1,Var1_2
0.0144451,0.0124192
