Var1_1,Var1_2
0.0105606,0.0068883
