Var1_1,Var1_2
0.0143644,0.0110022
