Var1_1,Var1_2
0.0075581,0.0050042
