Var1_1,Var1_2
0.0143366,0.0122553
