Var1_1,Var1_2
0.016545,0.012872
