Var1_1,Var1_2
0.0125456,0.0128945
