Var1_1,Var1_2
0.0114947,0.0135075
