Var1_1,Var1_2
0.0138901,0.0098258
