Var1_1,Var1_2
0.0133375,0.0082713
