Var1_1,Var1_2
0.01374,0.0113754
