Var1_1,Var1_2
0.0123788,0.0146701
