Var1_1,Var1_2
0.0133486,0.0047027
