Var1_1,Var1_2
0.0140632,0.0095869
