Var1_1,Var1_2
0.0113961,0.0094106
