Var1_1,Var1_2
0.0112932,0.0103208
