Var1_1,Var1_2
0.0144714,0.0114515
