Var1_1,Var1_2
0.013351,0.0171179
