Var1_1,Var1_2
0.0100391,0.0065477
