Var1_1,Var1_2
0.0139951,0.008861
