Var1_1,Var1_2
0.0102557,0.0055991
