Var1_1,Var1_2
0.012218,0.0097246
