Var1_1,Var1_2
0.0116722,0.0099053
