Var1_1,Var1_2
0.0143267,0.009691
