Var1_1,Var1_2
0.0138842,0.0057098
