Var1_1,Var1_2
0.0126078,0.005234
