Var1_1,Var1_2
0.0122512,0.0070624
