Var1_1,Var1_2
0.0121393,0.0075473
