Var1_1,Var1_2
0.0089709,0.0098815
