Var1_1,Var1_2
0.0107064,0.0126729
