Var1_1,Var1_2
0.0118402,0.0042576
