Var1_1,Var1_2
0.0138992,0.0128324
