Var1_1,Var1_2
0.0131406,0.0095253
