Var1_1,Var1_2
0.0098445,0.0075994
