Var1_1,Var1_2
0.0081315,0.0068367
