Var1_1,Var1_2
0.0098867,0.0046351
