Var1_1,Var1_2
0.0094684,0.0053863
