Var1_1,Var1_2
0.0095204,0.0066524
