Var1_1,Var1_2
0.0090735,0.0057718
