Var1_1,Var1_2
0.0089325,0.0070395
