Var1_1,Var1_2
0.0088632,0.0068489
