Var1_1,Var1_2
0.0086167,0.0054932
