Var1_1,Var1_2
0.0078431,0.0073287
