Var1_1,Var1_2
0.0083327,0.0056589
