Var1_1,Var1_2
0.0090746,0.0053678
