Var1_1,Var1_2
0.0086191,0.0064141
