Var1_1,Var1_2
0.0100863,0.007498
