Var1_1,Var1_2
0.0111413,0.0065517
