Var1_1,Var1_2
0.0085368,0.0055172
