Var1_1,Var1_2
0.0094025,0.0064509
