Var1_1,Var1_2
0.0087713,0.0075749
