Var1_1,Var1_2
0.0091753,0.0076633
