Var1_1,Var1_2
0.007808,0.0055097
