Var1_1,Var1_2
0.0087292,0.0055525
