Var1_1,Var1_2
0.0084923,0.0053769
