Var1_1,Var1_2
0.0097228,0.0055428
