Var1_1,Var1_2
0.0102377,0.0055874
