Var1_1,Var1_2
0.0090448,0.0068131
