Var1_1,Var1_2
0.0082172,0.0077973
