Var1_1,Var1_2
0.0113569,0.0119537
