Var1_1,Var1_2
0.0098166,0.0066885
