Var1_1,Var1_2
0.0077264,0.0067441
