Var1_1,Var1_2
0.0111961,0.0054321
