Var1_1,Var1_2
0.0082008,0.0073475
