Var1_1,Var1_2
0.0089541,0.0061825
