Var1_1,Var1_2
0.008764,0.006127
