Var1_1,Var1_2
0.0138971,0.0124852
