Var1_1,Var1_2
0.0119977,0.0104668
