Var1_1,Var1_2
0.0094559,0.0072321
