Var1_1,Var1_2
0.0236159,0.0159422
