Var1_1,Var1_2
0.0190231,0.0172877
