Var1_1,Var1_2
0.02039,0.0158614
