Var1_1,Var1_2
0.0166341,0.0138513
