Var1_1,Var1_2
0.0061575,0.0035185
