Var1_1,Var1_2
0.0065593,0.0038199
