Var1_1,Var1_2
0.0204849,0.017088
