Var1_1,Var1_2
0.0176511,0.0149524
