Var1_1,Var1_2
0.0194953,0.0183289
