Var1_1,Var1_2
0.0181138,0.0149325
