Var1_1,Var1_2
0.0267411,0.0177525
