Var1_1,Var1_2
0.0170715,0.0145877
