Var1_1,Var1_2
0.0192361,0.0155413
