Var1_1,Var1_2
0.0169131,0.0149338
