Var1_1,Var1_2
0.0168991,0.0148436
