Var1_1,Var1_2
0.0264808,0.0224326
