Var1_1,Var1_2
0.017372,0.0140644
