Var1_1,Var1_2
0.0182369,0.0146905
