Var1_1,Var1_2
0.0170754,0.0139233
