Var1_1,Var1_2
0.0179708,0.0137834
