Var1_1,Var1_2
0.0178479,0.0142389
