Var1_1,Var1_2
0.0184354,0.0177587
