Var1_1,Var1_2
0.0174957,0.01395
