Var1_1,Var1_2
0.0191152,0.0176045
