Var1_1,Var1_2
0.0169453,0.0142284
