Var1_1,Var1_2
0.0187125,0.0167735
