Var1_1,Var1_2
0.0174519,0.0148942
