Var1_1,Var1_2
0.017134,0.0140398
