Var1_1,Var1_2
0.0173651,0.0142945
