Var1_1,Var1_2
0.0168234,0.0143326
