Var1_1,Var1_2
0.018636,0.0144915
