Var1_1,Var1_2
0.0178793,0.0168893
