Var1_1,Var1_2
0.0176918,0.0152397
