Var1_1,Var1_2
0.0173106,0.0145989
