Var1_1,Var1_2
0.0164657,0.0141017
