Var1_1,Var1_2
0.0276243,0.0166631
