Var1_1,Var1_2
0.0167386,0.0136776
