Var1_1,Var1_2
0.017249,0.0143808
