Var1_1,Var1_2
0.0166753,0.0132562
