Var1_1,Var1_2
0.0174614,0.0142429
