Var1_1,Var1_2
0.0168555,0.0134373
