Var1_1,Var1_2
0.016642,0.0133779
