Var1_1,Var1_2
0.0163122,0.0145572
