Var1_1,Var1_2
0.0169637,0.0136866
