Var1_1,Var1_2
0.0214682,0.0204765
