Var1_1,Var1_2
0.0180885,0.0186549
