Var1_1,Var1_2
0.0162184,0.0130068
