Var1_1,Var1_2
0.01638,0.0133741
