Var1_1,Var1_2
0.0171644,0.013629
