Var1_1,Var1_2
0.0167737,0.0133303
