Var1_1,Var1_2
0.0181114,0.0151225
