Var1_1,Var1_2
0.0169108,0.014098
