Var1_1,Var1_2
0.0171995,0.0137674
