Var1_1,Var1_2
0.0167926,0.0144272
