Var1_1,Var1_2
0.0169893,0.0141765
