Var1_1,Var1_2
0.0171331,0.0138944
