Var1_1,Var1_2
0.0308863,0.0200321
