Var1_1,Var1_2
0.0183869,0.0153412
