Var1_1,Var1_2
0.0172681,0.0137531
