Var1_1,Var1_2
0.017903,0.0151824
