Var1_1,Var1_2
0.0196226,0.0142081
