Var1_1,Var1_2
0.0174415,0.0144593
