Var1_1,Var1_2
0.0167264,0.0141197
