Var1_1,Var1_2
0.0176318,0.0141405
