Var1_1,Var1_2
0.0203671,0.014768
