Var1_1,Var1_2
0.0179369,0.0150802
