Var1_1,Var1_2
0.0170264,0.013886
