Var1_1,Var1_2
0.0170418,0.0143159
