Var1_1,Var1_2
0.0184141,0.014582
