Var1_1,Var1_2
0.0167368,0.0140902
