Var1_1,Var1_2
0.0170183,0.0146981
