Var1_1,Var1_2
0.0167972,0.0136572
