Var1_1,Var1_2
0.0173037,0.0141054
