Var1_1,Var1_2
0.0177932,0.0151361
