Var1_1,Var1_2
0.0175844,0.0149632
