Var1_1,Var1_2
0.0177716,0.0150562
