Var1_1,Var1_2
0.0174169,0.0151828
