Var1_1,Var1_2
0.0176047,0.0144876
