Var1_1,Var1_2
0.0314166,0.0237871
