Var1_1,Var1_2
0.0192685,0.0155409
