Var1_1,Var1_2
0.0213346,0.0202501
