Var1_1,Var1_2
0.0176668,0.0148442
