Var1_1,Var1_2
0.0172184,0.0141674
