Var1_1,Var1_2
0.0175046,0.021308
