Var1_1,Var1_2
0.016762,0.0139075
