Var1_1,Var1_2
0.01712,0.0124462
