Var1_1,Var1_2
0.0165527,0.0138979
