Var1_1,Var1_2
0.0169848,0.0143788
