Var1_1,Var1_2
0.0185097,0.0150526
