Var1_1,Var1_2
0.0198646,0.0187351
