Var1_1,Var1_2
0.017495,0.014652
