Var1_1,Var1_2
0.0174435,0.0137154
