Var1_1,Var1_2
0.0177181,0.0148716
