Var1_1,Var1_2
0.0168222,0.0137941
