Var1_1,Var1_2
0.0170809,0.0142069
