Var1_1,Var1_2
0.0173436,0.0144759
