Var1_1,Var1_2
0.0169892,0.0144204
