Var1_1,Var1_2
0.0175628,0.0142579
