Var1_1,Var1_2
0.0168838,0.0140913
