Var1_1,Var1_2
0.017144,0.0138236
