Var1_1,Var1_2
0.0168587,0.0137174
