Var1_1,Var1_2
0.0184856,0.012912
