Var1_1,Var1_2
0.0168164,0.0140197
