Var1_1,Var1_2
0.0170912,0.0134928
