Var1_1,Var1_2
0.0169438,0.0152019
