Var1_1,Var1_2
0.0178217,0.0137941
