Var1_1,Var1_2
0.0174625,0.0142864
