Var1_1,Var1_2
0.0174945,0.0139163
