Var1_1,Var1_2
0.0174838,0.0143141
