Var1_1,Var1_2
0.0172068,0.0140932
