Var1_1,Var1_2
0.0165225,0.0144667
