Var1_1,Var1_2
0.006295,0.0035826
