Var1_1,Var1_2
0.0060458,0.0038319
