Var1_1,Var1_2
0.0059798,0.0039952
