Var1_1,Var1_2
0.0059603,0.0035472
