Var1_1,Var1_2
0.0169507,0.0137643
