Var1_1,Var1_2
0.0172039,0.0141058
