Var1_1,Var1_2
0.0166526,0.0140097
