Var1_1,Var1_2
0.017277,0.0146559
