Var1_1,Var1_2
0.0180772,0.0159826
