Var1_1,Var1_2
0.0165928,0.013239
