Var1_1,Var1_2
0.0167062,0.0135208
