Var1_1,Var1_2
0.0167859,0.0139029
