Var1_1,Var1_2
0.017817,0.014296
