Var1_1,Var1_2
0.0180034,0.0142091
