Var1_1,Var1_2
0.0168004,0.0139669
