Var1_1,Var1_2
0.0168556,0.014149
