Var1_1,Var1_2
0.016994,0.0143253
