Var1_1,Var1_2
0.0164507,0.0135168
