Var1_1,Var1_2
0.0162951,0.0133275
