Var1_1,Var1_2
0.0171771,0.0141066
