Var1_1,Var1_2
0.0165136,0.0135472
