Var1_1,Var1_2
0.0163333,0.0137778
