Var1_1,Var1_2
0.0168283,0.0136733
