Var1_1,Var1_2
0.0168191,0.0134914
