Var1_1,Var1_2
0.0165139,0.0145843
