Var1_1,Var1_2
0.0195179,0.0142125
