Var1_1,Var1_2
0.0165678,0.0132276
