Var1_1,Var1_2
0.0167549,0.0136886
