Var1_1,Var1_2
0.0164633,0.0137529
