Var1_1,Var1_2
0.0166562,0.0138155
