Var1_1,Var1_2
0.0174209,0.0135623
