Var1_1,Var1_2
0.0172553,0.0143425
