Var1_1,Var1_2
0.0166271,0.0138641
