Var1_1,Var1_2
0.0170027,0.0141424
