Var1_1,Var1_2
0.0167515,0.0138202
