Var1_1,Var1_2
0.0171527,0.014149
