Var1_1,Var1_2
0.0165993,0.0140133
