Var1_1,Var1_2
0.0172587,0.0155274
