Var1_1,Var1_2
0.0175836,0.0161601
