Var1_1,Var1_2
0.0183952,0.0154553
