Var1_1,Var1_2
0.0177327,0.0156377
