Var1_1,Var1_2
0.0165166,0.0133504
