Var1_1,Var1_2
0.0166184,0.0139197
