Var1_1,Var1_2
0.0159957,0.0139328
