Var1_1,Var1_2
0.0166292,0.0135345
