Var1_1,Var1_2
0.0163989,0.0131659
