Var1_1,Var1_2
0.0207446,0.0177225
