Var1_1,Var1_2
0.0167057,0.0138859
