Var1_1,Var1_2
0.0164636,0.013312
