Var1_1,Var1_2
0.017307,0.0159033
