Var1_1,Var1_2
0.016329,0.0135038
