Var1_1,Var1_2
0.0164868,0.013444
