Var1_1,Var1_2
0.0208139,0.0143532
