Var1_1,Var1_2
0.016407,0.0135634
