Var1_1,Var1_2
0.0088858,0.0052803
