Var1_1,Var1_2
0.0066378,0.0038321
