Var1_1,Var1_2
0.0135797,0.0067774
