Var1_1,Var1_2
0.0198151,0.0153083
