Var1_1,Var1_2
0.0211413,0.0166675
