Var1_1,Var1_2
0.0068612,0.0043772
