Var1_1,Var1_2
0.0247148,0.0263042
