Var1_1,Var1_2
0.0067357,0.0037307
