Var1_1,Var1_2
0.0177747,0.0147108
