Var1_1,Var1_2
0.0066878,0.0034338
