Var1_1,Var1_2
0.0182238,0.0150504
