Var1_1,Var1_2
0.0275314,0.0214705
