Var1_1,Var1_2
0.0099324,0.0046295
