Var1_1,Var1_2
0.0084912,0.005389
