Var1_1,Var1_2
0.0112731,0.0062398
