Var1_1,Var1_2
0.006849,0.0039871
