Var1_1,Var1_2
0.0096834,0.0043605
