Var1_1,Var1_2
0.0086421,0.0054371
