Var1_1,Var1_2
0.0075537,0.0040376
