Var1_1,Var1_2
0.0079462,0.0043174
