Var1_1,Var1_2
0.0091519,0.0046914
