Var1_1,Var1_2
0.0113854,0.0068399
