Var1_1,Var1_2
0.0101757,0.0044404
