Var1_1,Var1_2
0.0106745,0.0065348
