Var1_1,Var1_2
0.0094424,0.0041912
