Var1_1,Var1_2
0.0083296,0.0046978
