Var1_1,Var1_2
0.0110684,0.008422
