Var1_1,Var1_2
0.0127586,0.0062163
