Var1_1,Var1_2
0.0092083,0.003486
