Var1_1,Var1_2
0.0185863,0.0139671
