Var1_1,Var1_2
0.012729,0.009134
