Var1_1,Var1_2
0.0090717,0.0082973
