Var1_1,Var1_2
0.0081378,0.0048707
