Var1_1,Var1_2
0.0093844,0.0050256
