Var1_1,Var1_2
0.0101851,0.0057029
