Var1_1,Var1_2
0.0116884,0.0068265
