Var1_1,Var1_2
0.0075684,0.0045393
