Var1_1,Var1_2
0.0089954,0.0066412
