Var1_1,Var1_2
0.0078629,0.0059635
