Var1_1,Var1_2
0.0119658,0.0054222
