Var1_1,Var1_2
0.0091659,0.005968
