Var1_1,Var1_2
0.0074825,0.0065153
