Var1_1,Var1_2
0.0093381,0.0058832
