Var1_1,Var1_2
0.0109344,0.0062014
