Var1_1,Var1_2
0.007892,0.0076801
