Var1_1,Var1_2
0.0131344,0.0079281
