Var1_1,Var1_2
0.007632,0.0055607
