Var1_1,Var1_2
0.0062669,0.0038298
