Var1_1,Var1_2
0.0061382,0.0040781
