Var1_1,Var1_2
0.0062831,0.0035725
