Var1_1,Var1_2
0.0058356,0.0037108
