Var1_1,Var1_2
0.0059812,0.0037741
