Var1_1,Var1_2
0.0060668,0.003748
