Var1_1,Var1_2
0.0066354,0.0039108
