Var1_1,Var1_2
0.0130425,0.0049482
