Var1_1,Var1_2
0.0099606,0.0065395
