Var1_1,Var1_2
0.008109,0.0061633
