Var1_1,Var1_2
0.0103186,0.0049367
