Var1_1,Var1_2
0.009436,0.0051943
