Var1_1,Var1_2
0.008674,0.0069214
