Var1_1,Var1_2
0.0079534,0.0057648
