Var1_1,Var1_2
0.009048,0.0054314
