Var1_1,Var1_2
0.00957,0.0066594
