Var1_1,Var1_2
0.010335,0.0053002
