Var1_1,Var1_2
0.0096874,0.0048929
