Var1_1,Var1_2
0.0082018,0.0059962
