Var1_1,Var1_2
0.0103479,0.0140864
