Var1_1,Var1_2
0.0114662,0.0048582
