Var1_1,Var1_2
0.0113677,0.004752
