Var1_1,Var1_2
0.0122167,0.0066069
