Var1_1,Var1_2
0.0090827,0.0049102
