Var1_1,Var1_2
0.0090786,0.0062984
