Var1_1,Var1_2
0.0091534,0.007617
