Var1_1,Var1_2
0.0094006,0.0039582
