Var1_1,Var1_2
0.0109119,0.00938
