Var1_1,Var1_2
0.0120616,0.005684
