Var1_1,Var1_2
0.0096038,0.0075333
