Var1_1,Var1_2
0.0105418,0.0069307
