Var1_1,Var1_2
0.0103454,0.0045473
