Var1_1,Var1_2
0.0087833,0.0050941
