Var1_1,Var1_2
0.0108996,0.0085002
