Var1_1,Var1_2
0.0117756,0.0067883
