Var1_1,Var1_2
0.0110748,0.0083281
