Var1_1,Var1_2
0.0112619,0.0093373
