Var1_1,Var1_2
0.0091914,0.0067209
