Var1_1,Var1_2
0.0125129,0.0066796
