Var1_1,Var1_2
0.0132597,0.0102297
