Var1_1,Var1_2
0.012172,0.0087076
