Var1_1,Var1_2
0.0132355,0.007734
