Var1_1,Var1_2
0.0123392,0.0051655
