Var1_1,Var1_2
0.0115743,0.0077409
