Var1_1,Var1_2
0.0089736,0.0045011
