Var1_1,Var1_2
0.0096219,0.0051969
