Var1_1,Var1_2
0.0111864,0.0063736
