Var1_1,Var1_2
0.0099007,0.0053069
