Var1_1,Var1_2
0.0106609,0.0054499
