Var1_1,Var1_2
0.0101241,0.0051398
