Var1_1,Var1_2
0.0099169,0.0049447
