Var1_1,Var1_2
0.0134491,0.004744
