Var1_1,Var1_2
0.0086633,0.0059494
