Var1_1,Var1_2
0.0085988,0.0065013
