Var1_1,Var1_2
0.0111259,0.0046443
