Var1_1,Var1_2
0.0088159,0.009617
