Var1_1,Var1_2
0.0102165,0.0075278
