Var1_1,Var1_2
0.0117309,0.0080538
