Var1_1,Var1_2
0.0130002,0.0079397
