Var1_1,Var1_2
0.0089274,0.0042048
