Var1_1,Var1_2
0.0078988,0.005962
