Var1_1,Var1_2
0.0101134,0.0078762
