Var1_1,Var1_2
0.009482,0.0047811
