Var1_1,Var1_2
0.0092368,0.0040578
