Var1_1,Var1_2
0.0139421,0.0054379
