Var1_1,Var1_2
0.0091291,0.0080726
