Var1_1,Var1_2
0.0100755,0.0052472
