Var1_1,Var1_2
0.0116536,0.0060912
