Var1_1,Var1_2
0.0085708,0.0065862
