Var1_1,Var1_2
0.0217574,0.0113518
