Var1_1,Var1_2
0.0097239,0.0048245
