Var1_1,Var1_2
0.008913,0.0053848
