Var1_1,Var1_2
0.0087892,0.0051523
