Var1_1,Var1_2
0.01117,0.0042786
