Var1_1,Var1_2
0.0098873,0.004914
