Var1_1,Var1_2
0.0085203,0.005295
