Var1_1,Var1_2
0.0085431,0.0042239
