Var1_1,Var1_2
0.0084242,0.0053337
