Var1_1,Var1_2
0.0100575,0.0042322
