Var1_1,Var1_2
0.0091707,0.0066903
