Var1_1,Var1_2
0.0086726,0.00662
