Var1_1,Var1_2
0.0112946,0.0057092
