Var1_1,Var1_2
0.0120327,0.0085007
