Var1_1,Var1_2
0.00955,0.0044781
