Var1_1,Var1_2
0.0135698,0.0073334
