Var1_1,Var1_2
0.0085437,0.0056109
