Var1_1,Var1_2
0.0081858,0.0061535
