Var1_1,Var1_2
0.0132579,0.0076362
