Var1_1,Var1_2
0.0084403,0.0057536
