Var1_1,Var1_2
0.0084166,0.0064045
