Var1_1,Var1_2
0.00923,0.0060456
