Var1_1,Var1_2
0.0091297,0.0046146
