Var1_1,Var1_2
0.0077648,0.0065751
