Var1_1,Var1_2
0.0081276,0.0050646
