Var1_1,Var1_2
0.0086036,0.0079776
