Var1_1,Var1_2
0.0087611,0.0096231
