Var1_1,Var1_2
0.0096249,0.0066446
