Var1_1,Var1_2
0.0112669,0.0047927
