Var1_1,Var1_2
0.0095334,0.0085648
