Var1_1,Var1_2
0.0117702,0.0050381
