Var1_1,Var1_2
0.0086879,0.0088959
