Var1_1,Var1_2
0.010143,0.0050981
