Var1_1,Var1_2
0.0097461,0.0064067
