Var1_1,Var1_2
0.0065433,0.00416
