Var1_1,Var1_2
0.0061586,0.0037842
