Var1_1,Var1_2
0.006139,0.0040355
