Var1_1,Var1_2
0.0066529,0.0044071
