Var1_1,Var1_2
0.0062115,0.0036525
