Var1_1,Var1_2
0.0062854,0.0038409
