Var1_1,Var1_2
0.0059721,0.0035948
