Var1_1,Var1_2
0.005914,0.0042199
