Var1_1,Var1_2
0.0065141,0.0041205
