Var1_1,Var1_2
0.0078782,0.0047821
