Var1_1,Var1_2
0.0089521,0.0056122
