Var1_1,Var1_2
0.0082268,0.0052713
