Var1_1,Var1_2
0.0124422,0.0062995
