Var1_1,Var1_2
0.0103162,0.0045576
