Var1_1,Var1_2
0.0122403,0.0061241
