Var1_1,Var1_2
0.0079655,0.005286
