Var1_1,Var1_2
0.0139198,0.0097392
