Var1_1,Var1_2
0.0089003,0.0047231
