Var1_1,Var1_2
0.0116915,0.0108453
