Var1_1,Var1_2
0.0083852,0.007726
