Var1_1,Var1_2
0.0083623,0.0060269
