Var1_1,Var1_2
0.0078301,0.0046343
