Var1_1,Var1_2
0.0155441,0.0055946
