Var1_1,Var1_2
0.0117432,0.0071965
