Var1_1,Var1_2
0.009357,0.0056883
