Var1_1,Var1_2
0.0111239,0.0077143
