Var1_1,Var1_2
0.0082016,0.0088265
