Var1_1,Var1_2
0.0121767,0.0048571
