Var1_1,Var1_2
0.0077198,0.0067728
