Var1_1,Var1_2
0.011909,0.0093072
