Var1_1,Var1_2
0.0094846,0.0062457
