Var1_1,Var1_2
0.012041,0.009016
