Var1_1,Var1_2
0.0107376,0.0053651
