Var1_1,Var1_2
0.0111299,0.0061067
