Var1_1,Var1_2
0.0075382,0.006768
