Var1_1,Var1_2
0.0094722,0.0074689
