Var1_1,Var1_2
0.0118482,0.0104671
