Var1_1,Var1_2
0.0081609,0.0050239
