Var1_1,Var1_2
0.0088975,0.005854
