Var1_1,Var1_2
0.0077141,0.0066964
