Var1_1,Var1_2
0.0112457,0.0063934
