Var1_1,Var1_2
0.0118201,0.0059444
