Var1_1,Var1_2
0.0122386,0.0075501
