Var1_1,Var1_2
0.0099087,0.0049966
