Var1_1,Var1_2
0.0098923,0.0049294
