Var1_1,Var1_2
0.010769,0.0076757
