Var1_1,Var1_2
0.0089798,0.0085566
