Var1_1,Var1_2
0.0102681,0.0103123
