Var1_1,Var1_2
0.0081114,0.0044535
