Var1_1,Var1_2
0.0102461,0.00637
