Var1_1,Var1_2
0.0120454,0.0083871
