Var1_1,Var1_2
0.0092462,0.0077903
