Var1_1,Var1_2
0.0128019,0.0066905
