Var1_1,Var1_2
0.008548,0.005528
