Var1_1,Var1_2
0.0137566,0.0049591
