Var1_1,Var1_2
0.0119239,0.0067654
