Var1_1,Var1_2
0.0150738,0.0124484
