Var1_1,Var1_2
0.0095809,0.0084675
