Var1_1,Var1_2
0.0123174,0.0054356
