Var1_1,Var1_2
0.0127363,0.0077629
