Var1_1,Var1_2
0.0103152,0.0048419
