Var1_1,Var1_2
0.015855,0.0131592
