Var1_1,Var1_2
0.0167026,0.0130281
