Var1_1,Var1_2
0.0241259,0.018551
