Var1_1,Var1_2
0.0159125,0.0130851
