Var1_1,Var1_2
0.0093312,0.005013
