Var1_1,Var1_2
0.0121821,0.0077529
