Var1_1,Var1_2
0.0170455,0.0135447
