Var1_1,Var1_2
0.0056715,0.0035738
