Var1_1,Var1_2
0.017763,0.0166906
