Var1_1,Var1_2
0.0157404,0.0129181
