Var1_1,Var1_2
0.0162486,0.0138637
