Var1_1,Var1_2
0.0165735,0.012696
