Var1_1,Var1_2
0.0171154,0.0137051
