Var1_1,Var1_2
0.0261027,0.014185
