Var1_1,Var1_2
0.0157887,0.0130057
