Var1_1,Var1_2
0.0167807,0.0155176
