Var1_1,Var1_2
0.0155517,0.0143979
