Var1_1,Var1_2
0.0179563,0.0159396
