Var1_1,Var1_2
0.0158396,0.0144511
