Var1_1,Var1_2
0.0168079,0.0126407
