Var1_1,Var1_2
0.0157382,0.0136607
