Var1_1,Var1_2
0.0155536,0.0123711
