Var1_1,Var1_2
0.0157346,0.0125446
