Var1_1,Var1_2
0.015389,0.0125836
