Var1_1,Var1_2
0.0162803,0.0152071
