Var1_1,Var1_2
0.0157515,0.0139692
