Var1_1,Var1_2
0.0158552,0.013198
