Var1_1,Var1_2
0.015708,0.0124543
