Var1_1,Var1_2
0.0155384,0.0158179
