Var1_1,Var1_2
0.0157275,0.0127007
