Var1_1,Var1_2
0.015945,0.0152992
