Var1_1,Var1_2
0.015631,0.0129629
