Var1_1,Var1_2
0.0162748,0.0140676
