Var1_1,Var1_2
0.0172883,0.0145696
