Var1_1,Var1_2
0.0161237,0.0130055
