Var1_1,Var1_2
0.0159941,0.0129633
