Var1_1,Var1_2
0.015959,0.0131636
