Var1_1,Var1_2
0.0157365,0.0128304
