Var1_1,Var1_2
0.0158468,0.0141486
