Var1_1,Var1_2
0.0161016,0.01293
