Var1_1,Var1_2
0.0155375,0.0123912
