Var1_1,Var1_2
0.0061118,0.0035925
