Var1_1,Var1_2
0.0062659,0.0036046
