Var1_1,Var1_2
0.0059417,0.0037223
