Var1_1,Var1_2
0.0068474,0.0042185
