Var1_1,Var1_2
0.0061148,0.0036389
