Var1_1,Var1_2
0.0062109,0.0034903
