Var1_1,Var1_2
0.0060246,0.003658
