Var1_1,Var1_2
0.0058741,0.0037098
