Var1_1,Var1_2
0.0064717,0.0040433
