Var1_1,Var1_2
0.006131,0.0038311
