Var1_1,Var1_2
0.0161296,0.0126124
