Var1_1,Var1_2
0.0158711,0.0126047
