Var1_1,Var1_2
0.0164095,0.0135524
