Var1_1,Var1_2
0.0161981,0.0128639
