Var1_1,Var1_2
0.0171987,0.0131925
