Var1_1,Var1_2
0.016032,0.0120255
