Var1_1,Var1_2
0.016244,0.0124998
