Var1_1,Var1_2
0.0155965,0.0132693
