Var1_1,Var1_2
0.0161656,0.0125638
