Var1_1,Var1_2
0.0161519,0.0121891
