Var1_1,Var1_2
0.0158634,0.0149783
