Var1_1,Var1_2
0.0155787,0.0122109
