Var1_1,Var1_2
0.0159097,0.0132546
