Var1_1,Var1_2
0.0165592,0.0127491
