Var1_1,Var1_2
0.0175365,0.0133091
