Var1_1,Var1_2
0.0162201,0.014668
