Var1_1,Var1_2
0.0182589,0.0129188
