Var1_1,Var1_2
0.0162497,0.0128417
