Var1_1,Var1_2
0.0157537,0.0129314
