Var1_1,Var1_2
0.016101,0.013137
