Var1_1,Var1_2
0.0179991,0.0146787
