Var1_1,Var1_2
0.0168295,0.0128663
