Var1_1,Var1_2
0.0167731,0.0140663
