Var1_1,Var1_2
0.0159745,0.0133153
