Var1_1,Var1_2
0.015919,0.0136079
