Var1_1,Var1_2
0.0161721,0.0134989
