Var1_1,Var1_2
0.0158123,0.0130229
