Var1_1,Var1_2
0.0150891,0.0112112
