Var1_1,Var1_2
0.0172228,0.0127124
