Var1_1,Var1_2
0.0157939,0.0130047
