Var1_1,Var1_2
0.0162114,0.013353
