Var1_1,Var1_2
0.0161901,0.0133478
