Var1_1,Var1_2
0.0188763,0.0153923
