Var1_1,Var1_2
0.016833,0.0156198
