Var1_1,Var1_2
0.0157612,0.0132244
