Var1_1,Var1_2
0.0158115,0.0134361
