Var1_1,Var1_2
0.0170627,0.0131177
