Var1_1,Var1_2
0.0159076,0.0125024
