Var1_1,Var1_2
0.0164125,0.0121984
