Var1_1,Var1_2
0.0157746,0.0140244
