Var1_1,Var1_2
0.0250656,0.0168093
