Var1_1,Var1_2
0.0064908,0.0044503
