Var1_1,Var1_2
0.0062714,0.0035667
