Var1_1,Var1_2
0.0171197,0.0137209
