Var1_1,Var1_2
0.0173519,0.0144647
