Var1_1,Var1_2
0.0202084,0.0184557
