Var1_1,Var1_2
0.017224,0.0142073
