Var1_1,Var1_2
0.019294,0.0176024
