Var1_1,Var1_2
0.0168615,0.0143921
