Var1_1,Var1_2
0.0199919,0.0154044
