Var1_1,Var1_2
0.0179879,0.0153664
