Var1_1,Var1_2
0.0164265,0.0138962
