Var1_1,Var1_2
0.0183396,0.0154253
