Var1_1,Var1_2
0.0245727,0.0146609
