Var1_1,Var1_2
0.026176,0.0182712
