Var1_1,Var1_2
0.0184798,0.0137559
