Var1_1,Var1_2
0.0169006,0.0070013
