Var1_1,Var1_2
0.0157548,0.0064236
