Var1_1,Var1_2
0.0186451,0.0166963
