Var1_1,Var1_2
0.0173232,0.0148438
