Var1_1,Var1_2
0.0168496,0.0134948
