Var1_1,Var1_2
0.0188572,0.0209398
