Var1_1,Var1_2
0.0176581,0.0148993
