Var1_1,Var1_2
0.0170651,0.006353
