Var1_1,Var1_2
0.0172638,0.0126804
