Var1_1,Var1_2
0.0165499,0.0136814
