Var1_1,Var1_2
0.0173103,0.0142321
