Var1_1,Var1_2
0.0228485,0.0171895
