Var1_1,Var1_2
0.0166084,0.0139067
