Var1_1,Var1_2
0.0224577,0.017447
