Var1_1,Var1_2
0.0165922,0.0140615
