Var1_1,Var1_2
0.0200781,0.0166344
