Var1_1,Var1_2
0.0171058,0.0142636
