Var1_1,Var1_2
0.021816,0.0232502
