Var1_1,Var1_2
0.0195826,0.0209311
