Var1_1,Var1_2
0.0167963,0.0153338
