Var1_1,Var1_2
0.0176879,0.0139533
