Var1_1,Var1_2
0.0170023,0.0153664
