Var1_1,Var1_2
0.0178712,0.0139546
