Var1_1,Var1_2
0.0186146,0.0151729
