Var1_1,Var1_2
0.0247191,0.0209374
